txpyr_id,year,number_of_emp
3631325814,2019,2
3631325814,2020,4
3631325814,2021,3
3631325814,2022,7
3631325814,2023,1
4839332485,2019,137
4839332485,2020,182
4839332485,2021,136
4839332485,2022,166
4839332485,2023,73
6981756676,2019,62
6981756676,2020,73
6981756676,2021,74
6981756676,2022,28
6981756676,2023,84
4997713523,2019,4
4997713523,2020,6
4997713523,2021,1
4997713523,2022,8
4997713523,2023,7
9591475563,2019,72
9591475563,2020,200
9591475563,2021,173
9591475563,2022,179
9591475563,2023,174
1158429050,2019,1
1158429050,2020,2
1158429050,2021,1
1158429050,2022,4
1158429050,2023,5
9162886236,2019,1
9162886236,2020,10
9162886236,2021,5
9162886236,2022,6
9162886236,2023,3
7751355833,2019,100
7751355833,2020,75
7751355833,2021,40
7751355833,2022,44
7751355833,2023,82
2174249386,2019,2
2174249386,2020,4
2174249386,2021,3
2174249386,2022,5
2174249386,2023,4
4561308304,2019,24
4561308304,2020,27
4561308304,2021,16
4561308304,2022,30
4561308304,2023,18
9352898330,2019,57
9352898330,2020,95
9352898330,2021,80
9352898330,2022,70
9352898330,2023,60
4846671032,2019,10
4846671032,2020,1
4846671032,2021,7
4846671032,2022,9
4846671032,2023,10
5246766035,2019,8
5246766035,2020,3
5246766035,2021,4
5246766035,2022,6
5246766035,2023,2
8419373810,2019,10
8419373810,2020,8
8419373810,2021,1
8419373810,2022,5
8419373810,2023,1
5961397803,2019,5
5961397803,2020,4
5961397803,2021,8
5961397803,2022,3
5961397803,2023,9
7442337379,2019,4
7442337379,2020,10
7442337379,2021,9
7442337379,2022,2
7442337379,2023,9
2006857412,2019,11
2006857412,2020,19
2006857412,2021,17
2006857412,2022,15
2006857412,2023,19
6201251350,2019,10
6201251350,2020,5
6201251350,2021,9
6201251350,2022,8
6201251350,2023,1
7091047208,2019,39
7091047208,2020,38
7091047208,2021,44
7091047208,2022,44
7091047208,2023,20
5354714899,2019,5
5354714899,2020,5
5354714899,2021,8
5354714899,2022,5
5354714899,2023,4
1737739372,2019,4
1737739372,2020,9
1737739372,2021,4
1737739372,2022,1
1737739372,2023,7
1862449294,2019,1
1862449294,2020,1
1862449294,2021,3
1862449294,2022,4
1862449294,2023,2
6785441158,2019,8
6785441158,2020,8
6785441158,2021,3
6785441158,2022,7
6785441158,2023,2
8747494459,2019,74
8747494459,2020,90
8747494459,2021,88
8747494459,2022,99
8747494459,2023,21
3648613040,2019,3
3648613040,2020,8
3648613040,2021,6
3648613040,2022,8
3648613040,2023,5
1488188447,2019,1
1488188447,2020,3
1488188447,2021,5
1488188447,2022,3
1488188447,2023,2
5728307230,2019,5
5728307230,2020,6
5728307230,2021,2
5728307230,2022,7
5728307230,2023,6
2673094904,2019,5
2673094904,2020,2
2673094904,2021,10
2673094904,2022,2
2673094904,2023,9
1375506074,2019,6
1375506074,2020,8
1375506074,2021,7
1375506074,2022,9
1375506074,2023,7
5892780820,2019,1
5892780820,2020,6
5892780820,2021,3
5892780820,2022,10
5892780820,2023,5
3904365159,2019,42
3904365159,2020,46
3904365159,2021,22
3904365159,2022,44
3904365159,2023,43
2257542590,2019,3
2257542590,2020,10
2257542590,2021,5
2257542590,2022,4
2257542590,2023,1
5796749533,2019,1
5796749533,2020,1
5796749533,2021,4
5796749533,2022,2
5796749533,2023,4
3564477983,2019,9
3564477983,2020,10
3564477983,2021,5
3564477983,2022,2
3564477983,2023,9
7877640203,2019,2
7877640203,2020,4
7877640203,2021,5
7877640203,2022,2
7877640203,2023,1
8196721591,2019,7
8196721591,2020,8
8196721591,2021,6
8196721591,2022,5
8196721591,2023,1
5148001406,2019,7
5148001406,2020,2
5148001406,2021,3
5148001406,2022,2
5148001406,2023,8
6412717670,2019,3
6412717670,2020,5
6412717670,2021,1
6412717670,2022,5
6412717670,2023,3
4807312170,2019,2
4807312170,2020,4
4807312170,2021,4
4807312170,2022,9
4807312170,2023,9
1437250343,2019,81
1437250343,2020,110
1437250343,2021,84
1437250343,2022,145
1437250343,2023,141
1102143294,2019,2
1102143294,2020,7
1102143294,2021,2
1102143294,2022,1
1102143294,2023,5
1087359393,2019,1
1087359393,2020,3
1087359393,2021,4
1087359393,2022,1
1087359393,2023,2
1609024961,2019,1197
1609024961,2020,789
1609024961,2021,1164
1609024961,2022,1881
1609024961,2023,615
1465674966,2019,51
1465674966,2020,36
1465674966,2021,22
1465674966,2022,85
1465674966,2023,55
8252221406,2019,5
8252221406,2020,5
8252221406,2021,3
8252221406,2022,3
8252221406,2023,4
5462237500,2019,3
5462237500,2020,2
5462237500,2021,2
5462237500,2022,3
5462237500,2023,3
9290157658,2019,6
9290157658,2020,10
9290157658,2021,2
9290157658,2022,4
9290157658,2023,5
5953020128,2019,13
5953020128,2020,13
5953020128,2021,13
5953020128,2022,8
5953020128,2023,19
1868538215,2019,137
1868538215,2020,52
1868538215,2021,87
1868538215,2022,65
1868538215,2023,163
7049065477,2019,6
7049065477,2020,3
7049065477,2021,4
7049065477,2022,7
7049065477,2023,1
5221555206,2019,9
5221555206,2020,7
5221555206,2021,10
5221555206,2022,6
5221555206,2023,4
7466304794,2019,2
7466304794,2020,2
7466304794,2021,3
7466304794,2022,3
7466304794,2023,2
7379755317,2019,4
7379755317,2020,1
7379755317,2021,2
7379755317,2022,3
7379755317,2023,4
9572942552,2019,38
9572942552,2020,46
9572942552,2021,31
9572942552,2022,21
9572942552,2023,39
4664007734,2019,10
4664007734,2020,2
4664007734,2021,4
4664007734,2022,8
4664007734,2023,7
8795208037,2019,45
8795208037,2020,42
8795208037,2021,30
8795208037,2022,31
8795208037,2023,44
1934321731,2019,1
1934321731,2020,3
1934321731,2021,5
1934321731,2022,1
1934321731,2023,4
7972675760,2019,104
7972675760,2020,93
7972675760,2021,138
7972675760,2022,63
7972675760,2023,62
6933928851,2019,22
6933928851,2020,33
6933928851,2021,46
6933928851,2022,21
6933928851,2023,21
4905191198,2019,25
4905191198,2020,40
4905191198,2021,35
4905191198,2022,37
4905191198,2023,34
5279710168,2019,151
5279710168,2020,118
5279710168,2021,83
5279710168,2022,106
5279710168,2023,147
6854029210,2019,8
6854029210,2020,3
6854029210,2021,1
6854029210,2022,1
6854029210,2023,7
8657164971,2019,1
8657164971,2020,1
8657164971,2021,10
8657164971,2022,7
8657164971,2023,7
6967842758,2019,11
6967842758,2020,9
6967842758,2021,12
6967842758,2022,11
6967842758,2023,6
5963233333,2019,98
5963233333,2020,32
5963233333,2021,20
5963233333,2022,74
5963233333,2023,29
3843825644,2019,9
3843825644,2020,4
3843825644,2021,4
3843825644,2022,3
3843825644,2023,9
5932607126,2019,91
5932607126,2020,76
5932607126,2021,65
5932607126,2022,65
5932607126,2023,39
1906096174,2019,3
1906096174,2020,2
1906096174,2021,2
1906096174,2022,7
1906096174,2023,6
1204905808,2019,7
1204905808,2020,9
1204905808,2021,9
1204905808,2022,3
1204905808,2023,4
8131440788,2019,9
8131440788,2020,6
8131440788,2021,5
8131440788,2022,2
8131440788,2023,4
9244014030,2019,48
9244014030,2020,33
9244014030,2021,37
9244014030,2022,24
9244014030,2023,42
2234610356,2019,43
2234610356,2020,56
2234610356,2021,76
2234610356,2022,56
2234610356,2023,58
2681438250,2019,14
2681438250,2020,19
2681438250,2021,24
2681438250,2022,24
2681438250,2023,25
2877601485,2019,3
2877601485,2020,6
2877601485,2021,1
2877601485,2022,7
2877601485,2023,3
4456917425,2019,5
4456917425,2020,5
4456917425,2021,2
4456917425,2022,5
4456917425,2023,4
9405142220,2019,1
9405142220,2020,6
9405142220,2021,8
9405142220,2022,10
9405142220,2023,7
6779571159,2019,2
6779571159,2020,5
6779571159,2021,3
6779571159,2022,2
6779571159,2023,2
1050420442,2019,133
1050420442,2020,168
1050420442,2021,183
1050420442,2022,122
1050420442,2023,56
2210930032,2019,25
2210930032,2020,30
2210930032,2021,73
2210930032,2022,100
2210930032,2023,89
4607597465,2019,10
4607597465,2020,9
4607597465,2021,8
4607597465,2022,10
4607597465,2023,5
9113914333,2019,3
9113914333,2020,7
9113914333,2021,10
9113914333,2022,4
9113914333,2023,3
7919176680,2019,39
7919176680,2020,39
7919176680,2021,44
7919176680,2022,42
7919176680,2023,30
1718959097,2019,4
1718959097,2020,6
1718959097,2021,4
1718959097,2022,6
1718959097,2023,8
2620711188,2019,2
2620711188,2020,1
2620711188,2021,10
2620711188,2022,6
2620711188,2023,8
6359949725,2019,25
6359949725,2020,29
6359949725,2021,32
6359949725,2022,27
6359949725,2023,23
3303435297,2019,71
3303435297,2020,83
3303435297,2021,100
3303435297,2022,78
3303435297,2023,82
3977476222,2019,7
3977476222,2020,5
3977476222,2021,2
3977476222,2022,7
3977476222,2023,8
4570075413,2019,42
4570075413,2020,33
4570075413,2021,56
4570075413,2022,37
4570075413,2023,56
9655374422,2019,4
9655374422,2020,3
9655374422,2021,2
9655374422,2022,1
9655374422,2023,5
6294987222,2019,2
6294987222,2020,9
6294987222,2021,5
6294987222,2022,3
6294987222,2023,1
8089463638,2019,1
8089463638,2020,5
8089463638,2021,2
8089463638,2022,3
8089463638,2023,1
7644290102,2019,5
7644290102,2020,6
7644290102,2021,1
7644290102,2022,1
7644290102,2023,10
6251831440,2019,88
6251831440,2020,84
6251831440,2021,71
6251831440,2022,175
6251831440,2023,147
6623645580,2019,2
6623645580,2020,1
6623645580,2021,3
6623645580,2022,5
6623645580,2023,4
4844937858,2019,1
4844937858,2020,2
4844937858,2021,5
4844937858,2022,7
4844937858,2023,1
9657837798,2019,43
9657837798,2020,29
9657837798,2021,22
9657837798,2022,44
9657837798,2023,48
7710929923,2019,2
7710929923,2020,4
7710929923,2021,5
7710929923,2022,1
7710929923,2023,3
6328678980,2019,4
6328678980,2020,2
6328678980,2021,5
6328678980,2022,8
6328678980,2023,8
3238974983,2019,2
3238974983,2020,4
3238974983,2021,2
3238974983,2022,5
3238974983,2023,2
1335706514,2019,1
1335706514,2020,5
1335706514,2021,1
1335706514,2022,9
1335706514,2023,10
4411508876,2019,5
4411508876,2020,3
4411508876,2021,4
4411508876,2022,5
4411508876,2023,5
1601512671,2019,7
1601512671,2020,3
1601512671,2021,2
1601512671,2022,7
1601512671,2023,2
2910762580,2019,16
2910762580,2020,12
2910762580,2021,13
2910762580,2022,15
2910762580,2023,15
8856430261,2019,27
8856430261,2020,56
8856430261,2021,79
8856430261,2022,68
8856430261,2023,26
3246160651,2019,5
3246160651,2020,10
3246160651,2021,9
3246160651,2022,7
3246160651,2023,3
7712104086,2019,3
7712104086,2020,7
7712104086,2021,6
7712104086,2022,9
7712104086,2023,2
6454754780,2019,69
6454754780,2020,85
6454754780,2021,72
6454754780,2022,98
6454754780,2023,82
2081094397,2019,91
2081094397,2020,69
2081094397,2021,49
2081094397,2022,27
2081094397,2023,25
3773598330,2019,3
3773598330,2020,2
3773598330,2021,3
3773598330,2022,5
3773598330,2023,4
9873342080,2019,9
9873342080,2020,7
9873342080,2021,8
9873342080,2022,7
9873342080,2023,4
7946248025,2019,5
7946248025,2020,1
7946248025,2021,2
7946248025,2022,4
7946248025,2023,4
7385597500,2019,3
7385597500,2020,2
7385597500,2021,5
7385597500,2022,4
7385597500,2023,1
4785277087,2019,4
4785277087,2020,3
4785277087,2021,6
4785277087,2022,8
4785277087,2023,1
7532422570,2019,44
7532422570,2020,55
7532422570,2021,60
7532422570,2022,97
7532422570,2023,41
4720829970,2019,29
4720829970,2020,37
4720829970,2021,44
4720829970,2022,45
4720829970,2023,23
5830762320,2019,103
5830762320,2020,65
5830762320,2021,102
5830762320,2022,95
5830762320,2023,88
7492143622,2019,21
7492143622,2020,34
7492143622,2021,30
7492143622,2022,40
7492143622,2023,20
7957783282,2019,9
7957783282,2020,9
7957783282,2021,9
7957783282,2022,10
7957783282,2023,6
5319481439,2019,6
5319481439,2020,1
5319481439,2021,9
5319481439,2022,6
5319481439,2023,8
5442690470,2019,2
5442690470,2020,1
5442690470,2021,5
5442690470,2022,5
5442690470,2023,2
4817433481,2019,8
4817433481,2020,13
4817433481,2021,12
4817433481,2022,8
4817433481,2023,12
3922235136,2019,1
3922235136,2020,8
3922235136,2021,9
3922235136,2022,5
3922235136,2023,10
5765720475,2019,3807
5765720475,2020,3733
5765720475,2021,4728
5765720475,2022,1619
5765720475,2023,1250
4174455539,2019,74
4174455539,2020,129
4174455539,2021,141
4174455539,2022,181
4174455539,2023,101
6959395583,2019,83
6959395583,2020,50
6959395583,2021,70
6959395583,2022,82
6959395583,2023,73
3298087884,2019,7
3298087884,2020,10
3298087884,2021,1
3298087884,2022,3
3298087884,2023,8
2728659774,2019,42
2728659774,2020,77
2728659774,2021,23
2728659774,2022,57
2728659774,2023,82
1810634394,2019,1457
1810634394,2020,1956
1810634394,2021,559
1810634394,2022,934
1810634394,2023,990
2612579710,2019,46
2612579710,2020,64
2612579710,2021,29
2612579710,2022,97
2612579710,2023,85
3752969322,2019,52
3752969322,2020,66
3752969322,2021,83
3752969322,2022,31
3752969322,2023,26
1351821511,2019,1
1351821511,2020,4
1351821511,2021,5
1351821511,2022,6
1351821511,2023,8
7670415549,2019,27
7670415549,2020,36
7670415549,2021,24
7670415549,2022,35
7670415549,2023,34
4424613580,2019,13
4424613580,2020,27
4424613580,2021,22
4424613580,2022,14
4424613580,2023,28
7621927979,2019,5
7621927979,2020,5
7621927979,2021,2
7621927979,2022,5
7621927979,2023,4
9527466656,2019,1
9527466656,2020,9
9527466656,2021,4
9527466656,2022,2
9527466656,2023,6
5149171142,2019,3
5149171142,2020,8
5149171142,2021,5
5149171142,2022,4
5149171142,2023,10
3106509415,2019,4
3106509415,2020,6
3106509415,2021,9
3106509415,2022,5
3106509415,2023,1
5511368701,2019,4
5511368701,2020,8
5511368701,2021,10
5511368701,2022,3
5511368701,2023,3
7652587106,2019,13
7652587106,2020,15
7652587106,2021,6
7652587106,2022,14
7652587106,2023,15
1857577737,2019,34
1857577737,2020,34
1857577737,2021,88
1857577737,2022,30
1857577737,2023,40
1780855274,2019,29
1780855274,2020,22
1780855274,2021,43
1780855274,2022,35
1780855274,2023,25
2753544847,2019,68
2753544847,2020,61
2753544847,2021,56
2753544847,2022,75
2753544847,2023,60
5261962196,2019,36
5261962196,2020,38
5261962196,2021,40
5261962196,2022,48
5261962196,2023,39
4800218220,2019,3
4800218220,2020,2
4800218220,2021,9
4800218220,2022,2
4800218220,2023,9
6111683034,2019,10
6111683034,2020,12
6111683034,2021,15
6111683034,2022,13
6111683034,2023,13
8293664779,2019,5
8293664779,2020,2
8293664779,2021,6
8293664779,2022,7
8293664779,2023,1
9179873185,2019,7
9179873185,2020,10
9179873185,2021,5
9179873185,2022,5
9179873185,2023,4
5143029403,2019,87
5143029403,2020,55
5143029403,2021,87
5143029403,2022,96
5143029403,2023,24
9477371228,2019,77
9477371228,2020,119
9477371228,2021,196
9477371228,2022,99
9477371228,2023,136
4233608040,2019,6
4233608040,2020,8
4233608040,2021,5
4233608040,2022,8
4233608040,2023,4
5277194372,2019,5
5277194372,2020,1
5277194372,2021,1
5277194372,2022,2
5277194372,2023,1
3554167924,2019,4
3554167924,2020,3
3554167924,2021,4
3554167924,2022,1
3554167924,2023,3
6299131946,2019,153
6299131946,2020,68
6299131946,2021,81
6299131946,2022,177
6299131946,2023,51
4501359742,2019,10
4501359742,2020,2
4501359742,2021,2
4501359742,2022,3
4501359742,2023,7
5950950643,2019,2
5950950643,2020,1
5950950643,2021,2
5950950643,2022,3
5950950643,2023,5
8706984517,2019,56
8706984517,2020,55
8706984517,2021,82
8706984517,2022,67
8706984517,2023,48
3224364660,2019,5
3224364660,2020,2
3224364660,2021,5
3224364660,2022,3
3224364660,2023,5
7905520242,2019,25
7905520242,2020,27
7905520242,2021,46
7905520242,2022,21
7905520242,2023,38
1849121586,2019,3
1849121586,2020,7
1849121586,2021,8
1849121586,2022,3
1849121586,2023,8
2519848440,2019,47
2519848440,2020,37
2519848440,2021,29
2519848440,2022,27
2519848440,2023,44
6454355185,2019,2
6454355185,2020,5
6454355185,2021,5
6454355185,2022,6
6454355185,2023,1
2005194278,2019,28
2005194278,2020,48
2005194278,2021,47
2005194278,2022,25
2005194278,2023,41
2455605070,2019,3
2455605070,2020,3
2455605070,2021,4
2455605070,2022,10
2455605070,2023,9
1479450289,2019,25
1479450289,2020,28
1479450289,2021,36
1479450289,2022,22
1479450289,2023,45
9007734026,2019,3
9007734026,2020,5
9007734026,2021,7
9007734026,2022,8
9007734026,2023,3
9441028233,2019,6
9441028233,2020,10
9441028233,2021,5
9441028233,2022,7
9441028233,2023,6
3084966811,2019,18
3084966811,2020,33
3084966811,2021,45
3084966811,2022,20
3084966811,2023,23
5852696930,2019,2
5852696930,2020,1
5852696930,2021,3
5852696930,2022,1
5852696930,2023,2
4231933624,2019,5
4231933624,2020,4
4231933624,2021,6
4231933624,2022,1
4231933624,2023,5
7883560264,2019,57
7883560264,2020,68
7883560264,2021,66
7883560264,2022,50
7883560264,2023,68
6989845409,2019,29
6989845409,2020,28
6989845409,2021,17
6989845409,2022,22
6989845409,2023,43
2543782976,2019,8
2543782976,2020,4
2543782976,2021,9
2543782976,2022,7
2543782976,2023,3
4358135995,2019,2
4358135995,2020,8
4358135995,2021,4
4358135995,2022,4
4358135995,2023,2
9171615373,2019,4
9171615373,2020,5
9171615373,2021,2
9171615373,2022,5
9171615373,2023,2
6827096990,2019,3
6827096990,2020,2
6827096990,2021,5
6827096990,2022,4
6827096990,2023,2
1157870461,2019,3
1157870461,2020,10
1157870461,2021,9
1157870461,2022,6
1157870461,2023,8
8100705273,2019,142
8100705273,2020,185
8100705273,2021,172
8100705273,2022,83
8100705273,2023,194
9776519040,2019,3
9776519040,2020,2
9776519040,2021,4
9776519040,2022,2
9776519040,2023,10
6899402643,2019,44
6899402643,2020,39
6899402643,2021,25
6899402643,2022,49
6899402643,2023,45
3875088941,2019,6
3875088941,2020,5
3875088941,2021,9
3875088941,2022,7
3875088941,2023,6
5187299081,2019,2
5187299081,2020,1
5187299081,2021,3
5187299081,2022,1
5187299081,2023,2
2034502640,2019,20
2034502640,2020,11
2034502640,2021,7
2034502640,2022,10
2034502640,2023,11
9847119581,2019,40
9847119581,2020,43
9847119581,2021,26
9847119581,2022,33
9847119581,2023,40
7422224636,2019,13
7422224636,2020,5
7422224636,2021,8
7422224636,2022,8
7422224636,2023,10
9748888900,2019,2
9748888900,2020,9
9748888900,2021,4
9748888900,2022,6
9748888900,2023,10
9243408027,2019,35
9243408027,2020,43
9243408027,2021,38
9243408027,2022,21
9243408027,2023,28
3756876779,2019,2
3756876779,2020,3
3756876779,2021,5
3756876779,2022,5
3756876779,2023,1
5636439168,2019,4
5636439168,2020,5
5636439168,2021,5
5636439168,2022,1
5636439168,2023,4
5853700076,2019,4
5853700076,2020,10
5853700076,2021,3
5853700076,2022,4
5853700076,2023,4
2085947606,2019,5
2085947606,2020,4
2085947606,2021,1
2085947606,2022,6
2085947606,2023,1
9096874034,2019,28
9096874034,2020,70
9096874034,2021,88
9096874034,2022,48
9096874034,2023,31
7324289674,2019,27
7324289674,2020,72
7324289674,2021,74
7324289674,2022,85
7324289674,2023,47
5952044411,2019,51
5952044411,2020,91
5952044411,2021,98
5952044411,2022,61
5952044411,2023,74
2763475763,2019,78
2763475763,2020,34
2763475763,2021,89
2763475763,2022,97
2763475763,2023,63
7919736938,2019,3
7919736938,2020,4
7919736938,2021,5
7919736938,2022,3
7919736938,2023,5
4474298720,2019,5
4474298720,2020,2
4474298720,2021,4
4474298720,2022,3
4474298720,2023,1
2573813936,2019,6
2573813936,2020,3
2573813936,2021,4
2573813936,2022,4
2573813936,2023,6
1421885630,2019,3
1421885630,2020,4
1421885630,2021,3
1421885630,2022,2
1421885630,2023,5
3023747400,2019,26
3023747400,2020,32
3023747400,2021,20
3023747400,2022,47
3023747400,2023,48
5871359100,2019,2
5871359100,2020,8
5871359100,2021,3
5871359100,2022,6
5871359100,2023,10
4139898478,2019,2218
4139898478,2020,2284
4139898478,2021,2601
4139898478,2022,909
4139898478,2023,4949
9294563470,2019,1
9294563470,2020,8
9294563470,2021,4
9294563470,2022,2
9294563470,2023,6
6885982819,2019,5
6885982819,2020,15
6885982819,2021,6
6885982819,2022,12
6885982819,2023,14
2088653079,2019,10
2088653079,2020,15
2088653079,2021,11
2088653079,2022,11
2088653079,2023,13
3122199309,2019,6
3122199309,2020,1
3122199309,2021,7
3122199309,2022,3
3122199309,2023,4
9249940245,2019,9
9249940245,2020,8
9249940245,2021,2
9249940245,2022,2
9249940245,2023,10
9683332399,2019,50
9683332399,2020,29
9683332399,2021,39
9683332399,2022,49
9683332399,2023,38
1173583648,2019,104
1173583648,2020,149
1173583648,2021,156
1173583648,2022,198
1173583648,2023,105
8084340580,2019,7
8084340580,2020,10
8084340580,2021,5
8084340580,2022,10
8084340580,2023,6
5000723380,2019,52
5000723380,2020,34
5000723380,2021,77
5000723380,2022,96
5000723380,2023,53
5511422359,2019,33
5511422359,2020,54
5511422359,2021,88
5511422359,2022,61
5511422359,2023,57
6915903205,2019,8
6915903205,2020,1
6915903205,2021,2
6915903205,2022,10
6915903205,2023,6
7578248743,2019,2
7578248743,2020,1
7578248743,2021,1
7578248743,2022,4
7578248743,2023,5
7782441080,2019,23
7782441080,2020,43
7782441080,2021,38
7782441080,2022,33
7782441080,2023,34
6378858274,2019,6
6378858274,2020,1
6378858274,2021,4
6378858274,2022,9
6378858274,2023,10
4480413531,2019,5
4480413531,2020,2
4480413531,2021,4
4480413531,2022,1
4480413531,2023,1
8720431447,2019,3
8720431447,2020,3
8720431447,2021,5
8720431447,2022,1
8720431447,2023,1
8075735333,2019,6
8075735333,2020,10
8075735333,2021,1
8075735333,2022,5
8075735333,2023,5
2021526210,2019,28
2021526210,2020,38
2021526210,2021,31
2021526210,2022,44
2021526210,2023,35
3775172801,2019,1
3775172801,2020,2
3775172801,2021,2
3775172801,2022,3
3775172801,2023,2
8259504693,2019,3
8259504693,2020,3
8259504693,2021,5
8259504693,2022,5
8259504693,2023,4
3883204330,2019,6
3883204330,2020,3
3883204330,2021,9
3883204330,2022,5
3883204330,2023,7
3488159570,2019,3
3488159570,2020,3
3488159570,2021,4
3488159570,2022,5
3488159570,2023,2
9203534660,2019,3
9203534660,2020,5
9203534660,2021,1
9203534660,2022,2
9203534660,2023,1
5586826580,2019,4
5586826580,2020,1
5586826580,2021,4
5586826580,2022,1
5586826580,2023,2
3772863200,2019,5
3772863200,2020,2
3772863200,2021,4
3772863200,2022,7
3772863200,2023,8
6137599875,2019,204
6137599875,2020,93
6137599875,2021,91
6137599875,2022,50
6137599875,2023,204
3248182814,2019,5
3248182814,2020,3
3248182814,2021,3
3248182814,2022,7
3248182814,2023,7
9612788410,2019,3
9612788410,2020,6
9612788410,2021,9
9612788410,2022,3
9612788410,2023,4
4421322163,2019,163
4421322163,2020,94
4421322163,2021,84
4421322163,2022,123
4421322163,2023,189
3207925232,2019,4
3207925232,2020,5
3207925232,2021,10
3207925232,2022,4
3207925232,2023,10
3495386415,2019,60
3495386415,2020,72
3495386415,2021,49
3495386415,2022,48
3495386415,2023,52
1703445142,2019,10
1703445142,2020,6
1703445142,2021,5
1703445142,2022,3
1703445142,2023,5
7691286274,2019,4
7691286274,2020,2
7691286274,2021,2
7691286274,2022,2
7691286274,2023,2
6951511115,2019,11
6951511115,2020,10
6951511115,2021,19
6951511115,2022,12
6951511115,2023,17
6762492590,2019,3
6762492590,2020,2
6762492590,2021,1
6762492590,2022,1
6762492590,2023,5
8392708451,2019,31
8392708451,2020,71
8392708451,2021,80
8392708451,2022,97
8392708451,2023,87
2386692390,2019,5
2386692390,2020,4
2386692390,2021,4
2386692390,2022,2
2386692390,2023,4
5687768916,2019,10
5687768916,2020,8
5687768916,2021,11
5687768916,2022,7
5687768916,2023,10
5602654640,2019,2
5602654640,2020,2
5602654640,2021,3
5602654640,2022,3
5602654640,2023,4
4048349013,2019,5
4048349013,2020,7
4048349013,2021,5
4048349013,2022,6
4048349013,2023,3
7405883255,2019,7
7405883255,2020,9
7405883255,2021,9
7405883255,2022,4
7405883255,2023,9
2313446823,2019,59
2313446823,2020,40
2313446823,2021,98
2313446823,2022,31
2313446823,2023,83
7704577988,2019,16
7704577988,2020,10
7704577988,2021,14
7704577988,2022,17
7704577988,2023,11
7439976753,2019,3
7439976753,2020,9
7439976753,2021,10
7439976753,2022,2
7439976753,2023,9
5833492782,2019,2
5833492782,2020,7
5833492782,2021,6
5833492782,2022,8
5833492782,2023,2
6906392884,2019,10
6906392884,2020,5
6906392884,2021,7
6906392884,2022,5
6906392884,2023,9
5315779962,2019,10
5315779962,2020,7
5315779962,2021,8
5315779962,2022,4
5315779962,2023,6
2965180730,2019,8
2965180730,2020,10
2965180730,2021,5
2965180730,2022,3
2965180730,2023,1
7246424175,2019,38
7246424175,2020,50
7246424175,2021,41
7246424175,2022,37
7246424175,2023,37
3982244382,2019,18
3982244382,2020,38
3982244382,2021,19
3982244382,2022,49
3982244382,2023,33
9566545762,2019,8
9566545762,2020,1
9566545762,2021,10
9566545762,2022,3
9566545762,2023,6
8957772298,2019,5
8957772298,2020,9
8957772298,2021,9
8957772298,2022,8
8957772298,2023,10
5125392340,2019,2
5125392340,2020,5
5125392340,2021,4
5125392340,2022,4
5125392340,2023,4
6175812744,2019,2
6175812744,2020,2
6175812744,2021,2
6175812744,2022,1
6175812744,2023,5
4930542612,2019,23
4930542612,2020,45
4930542612,2021,39
4930542612,2022,45
4930542612,2023,33
3885418266,2019,7
3885418266,2020,4
3885418266,2021,9
3885418266,2022,7
3885418266,2023,7
1092849430,2019,2
1092849430,2020,9
1092849430,2021,5
1092849430,2022,1
1092849430,2023,9
3796014067,2019,6
3796014067,2020,6
3796014067,2021,7
3796014067,2022,9
3796014067,2023,3
9625195623,2019,6
9625195623,2020,8
9625195623,2021,3
9625195623,2022,10
9625195623,2023,7
5919939949,2019,6
5919939949,2020,4
5919939949,2021,9
5919939949,2022,3
5919939949,2023,8
2827528363,2019,4
2827528363,2020,3
2827528363,2021,5
2827528363,2022,3
2827528363,2023,5
5758425523,2019,2
5758425523,2020,5
5758425523,2021,2
5758425523,2022,4
5758425523,2023,2
6057805160,2019,1
6057805160,2020,2
6057805160,2021,4
6057805160,2022,5
6057805160,2023,2
9433060545,2019,1242
9433060545,2020,1733
9433060545,2021,1552
9433060545,2022,858
9433060545,2023,1831
4500848147,2019,3
4500848147,2020,1
4500848147,2021,5
4500848147,2022,1
4500848147,2023,4
3983612464,2019,22
3983612464,2020,31
3983612464,2021,32
3983612464,2022,33
3983612464,2023,21
3074057747,2019,40
3074057747,2020,24
3074057747,2021,37
3074057747,2022,50
3074057747,2023,50
8005663672,2019,43
8005663672,2020,89
8005663672,2021,26
8005663672,2022,21
8005663672,2023,76
8234297899,2019,46
8234297899,2020,37
8234297899,2021,40
8234297899,2022,35
8234297899,2023,21
7691585390,2019,80
7691585390,2020,20
7691585390,2021,89
7691585390,2022,23
7691585390,2023,67
3187579103,2019,3
3187579103,2020,3
3187579103,2021,2
3187579103,2022,4
3187579103,2023,1
3783854659,2019,3
3783854659,2020,5
3783854659,2021,4
3783854659,2022,4
3783854659,2023,3
6844082188,2019,1
6844082188,2020,4
6844082188,2021,1
6844082188,2022,4
6844082188,2023,4
6004451140,2019,196
6004451140,2020,148
6004451140,2021,162
6004451140,2022,93
6004451140,2023,128
5265288439,2019,1
5265288439,2020,8
5265288439,2021,6
5265288439,2022,4
5265288439,2023,2
3731218775,2019,2
3731218775,2020,2
3731218775,2021,3
3731218775,2022,2
3731218775,2023,4
1599963653,2019,10
1599963653,2020,1
1599963653,2021,6
1599963653,2022,3
1599963653,2023,4
6245441944,2019,9
6245441944,2020,4
6245441944,2021,2
6245441944,2022,2
6245441944,2023,5
3189208003,2019,2
3189208003,2020,7
3189208003,2021,2
3189208003,2022,3
3189208003,2023,9
9265827413,2019,2
9265827413,2020,5
9265827413,2021,7
9265827413,2022,1
9265827413,2023,3
1170070623,2019,5
1170070623,2020,13
1170070623,2021,7
1170070623,2022,6
1170070623,2023,5
3022684219,2019,58
3022684219,2020,200
3022684219,2021,192
3022684219,2022,199
3022684219,2023,74
2821220870,2019,7
2821220870,2020,9
2821220870,2021,1
2821220870,2022,5
2821220870,2023,7
2574356570,2019,12
2574356570,2020,19
2574356570,2021,11
2574356570,2022,20
2574356570,2023,19
2810009619,2019,3
2810009619,2020,5
2810009619,2021,3
2810009619,2022,4
2810009619,2023,5
6577904241,2019,9
6577904241,2020,6
6577904241,2021,1
6577904241,2022,1
6577904241,2023,9
7656774841,2019,169
7656774841,2020,184
7656774841,2021,179
7656774841,2022,198
7656774841,2023,96
8152354030,2019,5
8152354030,2020,10
8152354030,2021,5
8152354030,2022,2
8152354030,2023,8
6944152117,2019,1
6944152117,2020,3
6944152117,2021,3
6944152117,2022,2
6944152117,2023,2
5016013185,2019,50
5016013185,2020,137
5016013185,2021,101
5016013185,2022,214
5016013185,2023,193
1190102616,2019,38
1190102616,2020,25
1190102616,2021,91
1190102616,2022,49
1190102616,2023,45
7207278736,2019,8
7207278736,2020,7
7207278736,2021,3
7207278736,2022,3
7207278736,2023,8
6593243113,2019,3
6593243113,2020,8
6593243113,2021,4
6593243113,2022,1
6593243113,2023,4
3811413399,2019,94
3811413399,2020,105
3811413399,2021,128
3811413399,2022,185
3811413399,2023,140
9148463321,2019,7
9148463321,2020,6
9148463321,2021,10
9148463321,2022,4
9148463321,2023,1
9682017292,2019,1
9682017292,2020,4
9682017292,2021,2
9682017292,2022,2
9682017292,2023,1
3634428125,2019,9
3634428125,2020,4
3634428125,2021,8
3634428125,2022,4
3634428125,2023,10
7047353360,2019,35
7047353360,2020,43
7047353360,2021,27
7047353360,2022,25
7047353360,2023,37
6643235367,2019,31
6643235367,2020,37
6643235367,2021,42
6643235367,2022,30
6643235367,2023,41
5105014796,2019,1
5105014796,2020,4
5105014796,2021,10
5105014796,2022,4
5105014796,2023,3
4268117011,2019,35
4268117011,2020,95
4268117011,2021,91
4268117011,2022,48
4268117011,2023,70
4007721809,2019,175
4007721809,2020,166
4007721809,2021,84
4007721809,2022,191
4007721809,2023,89
7030172744,2019,4
7030172744,2020,5
7030172744,2021,5
7030172744,2022,2
7030172744,2023,3
7475454150,2019,1
7475454150,2020,10
7475454150,2021,4
7475454150,2022,1
7475454150,2023,2
7534153349,2019,2
7534153349,2020,4
7534153349,2021,6
7534153349,2022,6
7534153349,2023,7
3004081538,2019,3
3004081538,2020,9
3004081538,2021,5
3004081538,2022,4
3004081538,2023,4
8188147916,2019,6
8188147916,2020,7
8188147916,2021,7
8188147916,2022,5
8188147916,2023,8
4214183550,2019,4
4214183550,2020,3
4214183550,2021,5
4214183550,2022,1
4214183550,2023,2
8425518079,2019,2
8425518079,2020,6
8425518079,2021,8
8425518079,2022,5
8425518079,2023,7
9915435354,2019,40
9915435354,2020,23
9915435354,2021,36
9915435354,2022,31
9915435354,2023,38
4366327339,2019,1
4366327339,2020,6
4366327339,2021,3
4366327339,2022,8
4366327339,2023,3
9298685310,2019,5
9298685310,2020,3
9298685310,2021,9
9298685310,2022,4
9298685310,2023,1
1303052065,2019,15
1303052065,2020,8
1303052065,2021,15
1303052065,2022,11
1303052065,2023,13
7468350291,2019,20
7468350291,2020,100
7468350291,2021,33
7468350291,2022,34
7468350291,2023,25
7354253599,2019,3
7354253599,2020,4
7354253599,2021,4
7354253599,2022,10
7354253599,2023,7
2259147814,2019,52
2259147814,2020,25
2259147814,2021,76
2259147814,2022,25
2259147814,2023,73
4484020493,2019,6
4484020493,2020,9
4484020493,2021,4
4484020493,2022,3
4484020493,2023,1
5869063483,2019,50
5869063483,2020,83
5869063483,2021,39
5869063483,2022,25
5869063483,2023,68
1735824620,2019,36
1735824620,2020,84
1735824620,2021,86
1735824620,2022,62
1735824620,2023,94
2285414010,2019,83
2285414010,2020,55
2285414010,2021,59
2285414010,2022,98
2285414010,2023,91
5647738174,2019,168
5647738174,2020,82
5647738174,2021,71
5647738174,2022,145
5647738174,2023,94
6477534069,2019,7
6477534069,2020,3
6477534069,2021,6
6477534069,2022,6
6477534069,2023,4
5817148620,2019,8
5817148620,2020,4
5817148620,2021,3
5817148620,2022,10
5817148620,2023,2
7395804409,2019,10
7395804409,2020,5
7395804409,2021,5
7395804409,2022,7
7395804409,2023,3
7791591251,2019,29
7791591251,2020,43
7791591251,2021,41
7791591251,2022,39
7791591251,2023,49
6666063500,2019,117
6666063500,2020,159
6666063500,2021,92
6666063500,2022,85
6666063500,2023,112
9644430397,2019,8
9644430397,2020,1
9644430397,2021,10
9644430397,2022,6
9644430397,2023,2
3723133690,2019,127
3723133690,2020,198
3723133690,2021,131
3723133690,2022,157
3723133690,2023,131
6376197781,2019,1
6376197781,2020,1
6376197781,2021,2
6376197781,2022,2
6376197781,2023,2
1454431329,2019,22
1454431329,2020,21
1454431329,2021,10
1454431329,2022,25
1454431329,2023,16
3376574144,2019,713
3376574144,2020,1653
3376574144,2021,1636
3376574144,2022,749
3376574144,2023,710
2284133794,2019,5
2284133794,2020,3
2284133794,2021,9
2284133794,2022,1
2284133794,2023,10
9558049688,2019,39
9558049688,2020,49
9558049688,2021,32
9558049688,2022,20
9558049688,2023,49
5956988316,2019,4
5956988316,2020,9
5956988316,2021,7
5956988316,2022,1
5956988316,2023,1
7636191866,2019,45
7636191866,2020,28
7636191866,2021,44
7636191866,2022,34
7636191866,2023,43
5122808646,2019,31
5122808646,2020,25
5122808646,2021,32
5122808646,2022,23
5122808646,2023,50
3726663806,2019,36
3726663806,2020,48
3726663806,2021,41
3726663806,2022,22
3726663806,2023,42
6890410547,2019,40
6890410547,2020,100
6890410547,2021,48
6890410547,2022,29
6890410547,2023,39
7275679651,2019,178
7275679651,2020,188
7275679651,2021,56
7275679651,2022,57
7275679651,2023,121
1540517521,2019,5
1540517521,2020,4
1540517521,2021,8
1540517521,2022,1
1540517521,2023,9
1407905016,2019,39
1407905016,2020,36
1407905016,2021,34
1407905016,2022,44
1407905016,2023,24
4005281668,2019,29
4005281668,2020,42
4005281668,2021,69
4005281668,2022,91
4005281668,2023,43
6793012915,2019,3
6793012915,2020,3
6793012915,2021,4
6793012915,2022,4
6793012915,2023,3
9417057650,2019,6
9417057650,2020,5
9417057650,2021,6
9417057650,2022,8
9417057650,2023,10
9966115420,2019,4
9966115420,2020,4
9966115420,2021,4
9966115420,2022,10
9966115420,2023,5
1573439040,2019,1313
1573439040,2020,845
1573439040,2021,688
1573439040,2022,540
1573439040,2023,1837
6241557590,2019,7
6241557590,2020,8
6241557590,2021,5
6241557590,2022,8
6241557590,2023,7
6798940101,2019,13
6798940101,2020,25
6798940101,2021,22
6798940101,2022,15
6798940101,2023,13
4652588990,2019,5
4652588990,2020,2
4652588990,2021,3
4652588990,2022,5
4652588990,2023,1
1025593026,2019,2
1025593026,2020,2
1025593026,2021,10
1025593026,2022,3
1025593026,2023,8
5883329561,2019,5
5883329561,2020,4
5883329561,2021,10
5883329561,2022,8
5883329561,2023,8
1025181067,2019,12
1025181067,2020,9
1025181067,2021,7
1025181067,2022,8
1025181067,2023,15
7674226591,2019,6
7674226591,2020,8
7674226591,2021,10
7674226591,2022,3
7674226591,2023,2
7803395330,2019,3
7803395330,2020,5
7803395330,2021,4
7803395330,2022,2
7803395330,2023,3
6352544012,2019,6
6352544012,2020,2
6352544012,2021,3
6352544012,2022,7
6352544012,2023,2
5525346796,2019,14
5525346796,2020,17
5525346796,2021,13
5525346796,2022,14
5525346796,2023,19
2077200325,2019,4
2077200325,2020,7
2077200325,2021,1
2077200325,2022,4
2077200325,2023,9
1194658099,2019,3
1194658099,2020,1
1194658099,2021,3
1194658099,2022,5
1194658099,2023,5
6024932245,2019,10
6024932245,2020,7
6024932245,2021,3
6024932245,2022,8
6024932245,2023,3
9063890305,2019,35
9063890305,2020,59
9063890305,2021,48
9063890305,2022,70
9063890305,2023,66
2444586117,2019,9
2444586117,2020,10
2444586117,2021,4
2444586117,2022,7
2444586117,2023,9
7161606910,2019,6
7161606910,2020,6
7161606910,2021,5
7161606910,2022,5
7161606910,2023,6
5208854621,2019,1
5208854621,2020,1
5208854621,2021,4
5208854621,2022,5
5208854621,2023,5
4132962296,2019,161
4132962296,2020,118
4132962296,2021,165
4132962296,2022,156
4132962296,2023,187
9427053283,2019,3
9427053283,2020,9
9427053283,2021,2
9427053283,2022,7
9427053283,2023,1
2981287970,2019,17
2981287970,2020,24
2981287970,2021,11
2981287970,2022,50
2981287970,2023,35
9984156125,2019,3
9984156125,2020,4
9984156125,2021,9
9984156125,2022,7
9984156125,2023,4
1149272064,2019,197
1149272064,2020,185
1149272064,2021,110
1149272064,2022,217
1149272064,2023,112
3579113338,2019,1
3579113338,2020,5
3579113338,2021,2
3579113338,2022,3
3579113338,2023,6
8564035990,2019,3
8564035990,2020,5
8564035990,2021,2
8564035990,2022,3
8564035990,2023,2
9874354060,2019,11
9874354060,2020,24
9874354060,2021,18
9874354060,2022,14
9874354060,2023,28
7398346114,2019,5
7398346114,2020,2
7398346114,2021,1
7398346114,2022,2
7398346114,2023,2
3343460240,2019,49
3343460240,2020,83
3343460240,2021,45
3343460240,2022,93
3343460240,2023,82
9024280238,2019,34
9024280238,2020,94
9024280238,2021,45
9024280238,2022,76
9024280238,2023,92
3871673498,2019,2
3871673498,2020,2
3871673498,2021,3
3871673498,2022,2
3871673498,2023,4
9873007235,2019,1
9873007235,2020,2
9873007235,2021,2
9873007235,2022,2
9873007235,2023,5
7431268167,2019,1
7431268167,2020,3
7431268167,2021,2
7431268167,2022,2
7431268167,2023,3
3287590997,2019,25
3287590997,2020,23
3287590997,2021,21
3287590997,2022,14
3287590997,2023,17
3872268138,2019,4
3872268138,2020,10
3872268138,2021,4
3872268138,2022,9
3872268138,2023,5
2927031778,2019,7
2927031778,2020,9
2927031778,2021,3
2927031778,2022,2
2927031778,2023,4
8003968759,2019,9
8003968759,2020,1
8003968759,2021,8
8003968759,2022,7
8003968759,2023,6
8143708762,2019,5
8143708762,2020,2
8143708762,2021,3
8143708762,2022,2
8143708762,2023,2
7790814335,2019,33
7790814335,2020,39
7790814335,2021,35
7790814335,2022,28
7790814335,2023,32
6925187139,2019,2
6925187139,2020,8
6925187139,2021,5
6925187139,2022,3
6925187139,2023,3
2994845018,2019,8
2994845018,2020,2
2994845018,2021,3
2994845018,2022,7
2994845018,2023,1
4051024843,2019,69
4051024843,2020,33
4051024843,2021,62
4051024843,2022,48
4051024843,2023,57
4814398388,2019,33
4814398388,2020,33
4814398388,2021,36
4814398388,2022,28
4814398388,2023,42
9720363551,2019,43
9720363551,2020,34
9720363551,2021,89
9720363551,2022,91
9720363551,2023,65
6052550032,2019,48
6052550032,2020,48
6052550032,2021,30
6052550032,2022,49
6052550032,2023,79
2382678882,2019,4
2382678882,2020,9
2382678882,2021,6
2382678882,2022,1
2382678882,2023,2
5934006968,2019,7
5934006968,2020,5
5934006968,2021,6
5934006968,2022,10
5934006968,2023,3
7620966496,2019,5
7620966496,2020,1
7620966496,2021,1
7620966496,2022,1
7620966496,2023,1
6647574600,2019,5
6647574600,2020,6
6647574600,2021,6
6647574600,2022,1
6647574600,2023,2
2324417062,2019,8
2324417062,2020,6
2324417062,2021,5
2324417062,2022,3
2324417062,2023,6
8062387712,2019,21
8062387712,2020,24
8062387712,2021,30
8062387712,2022,20
8062387712,2023,10
5652570264,2019,26
5652570264,2020,25
5652570264,2021,19
5652570264,2022,18
5652570264,2023,29
6220510239,2019,1
6220510239,2020,4
6220510239,2021,5
6220510239,2022,6
6220510239,2023,4
3605372360,2019,61
3605372360,2020,56
3605372360,2021,88
3605372360,2022,21
3605372360,2023,21
2691956262,2019,9
2691956262,2020,1
2691956262,2021,3
2691956262,2022,7
2691956262,2023,5
1164854790,2019,8
1164854790,2020,8
1164854790,2021,8
1164854790,2022,10
1164854790,2023,9
6453542164,2019,30
6453542164,2020,32
6453542164,2021,49
6453542164,2022,42
6453542164,2023,50
3219946246,2019,52
3219946246,2020,133
3219946246,2021,233
3219946246,2022,190
3219946246,2023,61
5612812878,2019,5
5612812878,2020,5
5612812878,2021,4
5612812878,2022,3
5612812878,2023,1
1396368692,2019,3
1396368692,2020,3
1396368692,2021,1
1396368692,2022,1
1396368692,2023,1
3054613122,2019,10
3054613122,2020,6
3054613122,2021,1
3054613122,2022,8
3054613122,2023,2
3138745550,2019,65
3138745550,2020,101
3138745550,2021,55
3138745550,2022,161
3138745550,2023,62
7622412450,2019,69
7622412450,2020,60
7622412450,2021,88
7622412450,2022,59
7622412450,2023,25
9448368288,2019,145
9448368288,2020,96
9448368288,2021,159
9448368288,2022,199
9448368288,2023,71
6691081005,2019,5
6691081005,2020,5
6691081005,2021,9
6691081005,2022,10
6691081005,2023,2
3919975448,2019,13
3919975448,2020,8
3919975448,2021,7
3919975448,2022,10
3919975448,2023,6
6507958614,2019,7
6507958614,2020,1
6507958614,2021,3
6507958614,2022,4
6507958614,2023,1
8794050798,2019,96
8794050798,2020,41
8794050798,2021,75
8794050798,2022,81
8794050798,2023,43
7091833610,2019,5
7091833610,2020,5
7091833610,2021,3
7091833610,2022,1
7091833610,2023,3
8968268655,2019,7
8968268655,2020,2
8968268655,2021,2
8968268655,2022,8
8968268655,2023,10
6652517511,2019,6
6652517511,2020,5
6652517511,2021,6
6652517511,2022,1
6652517511,2023,1
7630507122,2019,7
7630507122,2020,8
7630507122,2021,5
7630507122,2022,7
7630507122,2023,3
3407801040,2019,4706
3407801040,2020,2333
3407801040,2021,4791
3407801040,2022,657
3407801040,2023,2167
7652152528,2019,14
7652152528,2020,8
7652152528,2021,18
7652152528,2022,11
7652152528,2023,16
5280638912,2019,63
5280638912,2020,53
5280638912,2021,159
5280638912,2022,120
5280638912,2023,189
2330255865,2019,3
2330255865,2020,5
2330255865,2021,1
2330255865,2022,1
2330255865,2023,5
7206327350,2019,8
7206327350,2020,3
7206327350,2021,3
7206327350,2022,4
7206327350,2023,10
4708140222,2019,62
4708140222,2020,184
4708140222,2021,192
4708140222,2022,171
4708140222,2023,175
3081438315,2019,93
3081438315,2020,32
3081438315,2021,44
3081438315,2022,71
3081438315,2023,65
6529753805,2019,9
6529753805,2020,4
6529753805,2021,8
6529753805,2022,8
6529753805,2023,6
3023635707,2019,2
3023635707,2020,1
3023635707,2021,6
3023635707,2022,10
3023635707,2023,6
9574613872,2019,39
9574613872,2020,20
9574613872,2021,21
9574613872,2022,23
9574613872,2023,43
1396048158,2019,84
1396048158,2020,100
1396048158,2021,79
1396048158,2022,85
1396048158,2023,33
4780553538,2019,44
4780553538,2020,26
4780553538,2021,43
4780553538,2022,20
4780553538,2023,50
4015864756,2019,2
4015864756,2020,5
4015864756,2021,5
4015864756,2022,1
4015864756,2023,1
3576919920,2019,7
3576919920,2020,2
3576919920,2021,5
3576919920,2022,9
3576919920,2023,1
7029928924,2019,9
7029928924,2020,9
7029928924,2021,5
7029928924,2022,3
7029928924,2023,3
7905289626,2019,2
7905289626,2020,1
7905289626,2021,1
7905289626,2022,2
7905289626,2023,4
5861163015,2019,89
5861163015,2020,34
5861163015,2021,52
5861163015,2022,49
5861163015,2023,25
5411858506,2019,47
5411858506,2020,33
5411858506,2021,27
5411858506,2022,42
5411858506,2023,34
2289046202,2019,65
2289046202,2020,44
2289046202,2021,48
2289046202,2022,21
2289046202,2023,94
3739746146,2019,8
3739746146,2020,6
3739746146,2021,4
3739746146,2022,7
3739746146,2023,7
4080609860,2019,4
4080609860,2020,4
4080609860,2021,3
4080609860,2022,1
4080609860,2023,1
7852589996,2019,39
7852589996,2020,26
7852589996,2021,22
7852589996,2022,50
7852589996,2023,21
4873016257,2019,1
4873016257,2020,10
4873016257,2021,8
4873016257,2022,7
4873016257,2023,3
3361255587,2019,3
3361255587,2020,2
3361255587,2021,2
3361255587,2022,1
3361255587,2023,3
2178032975,2019,28
2178032975,2020,21
2178032975,2021,46
2178032975,2022,38
2178032975,2023,31
3922206760,2019,29
3922206760,2020,29
3922206760,2021,46
3922206760,2022,26
3922206760,2023,37
4087597158,2019,5
4087597158,2020,4
4087597158,2021,9
4087597158,2022,9
4087597158,2023,6
8779068120,2019,7
8779068120,2020,5
8779068120,2021,4
8779068120,2022,2
8779068120,2023,2
9890233429,2019,3
9890233429,2020,7
9890233429,2021,7
9890233429,2022,7
9890233429,2023,2
4298118912,2019,40
4298118912,2020,27
4298118912,2021,44
4298118912,2022,33
4298118912,2023,21
6278826156,2019,9
6278826156,2020,9
6278826156,2021,1
6278826156,2022,2
6278826156,2023,1
1359180057,2019,3
1359180057,2020,5
1359180057,2021,1
1359180057,2022,2
1359180057,2023,1
3090396347,2019,3
3090396347,2020,2
3090396347,2021,1
3090396347,2022,4
3090396347,2023,1
1464516160,2019,8
1464516160,2020,17
1464516160,2021,10
1464516160,2022,15
1464516160,2023,10
6755533954,2019,10
6755533954,2020,2
6755533954,2021,1
6755533954,2022,5
6755533954,2023,7
1699034415,2019,4
1699034415,2020,8
1699034415,2021,1
1699034415,2022,6
1699034415,2023,5
4647577130,2019,8
4647577130,2020,6
4647577130,2021,7
4647577130,2022,4
4647577130,2023,7
4206827182,2019,4
4206827182,2020,5
4206827182,2021,5
4206827182,2022,5
4206827182,2023,7
5032189349,2019,25
5032189349,2020,64
5032189349,2021,37
5032189349,2022,79
5032189349,2023,33
2941638290,2019,8
2941638290,2020,7
2941638290,2021,2
2941638290,2022,10
2941638290,2023,7
8972952677,2019,2678
8972952677,2020,2726
8972952677,2021,4297
8972952677,2022,1241
8972952677,2023,935
2606559611,2019,86
2606559611,2020,20
2606559611,2021,58
2606559611,2022,26
2606559611,2023,21
7408023880,2019,54
7408023880,2020,151
7408023880,2021,118
7408023880,2022,170
7408023880,2023,189
6419241764,2019,2
6419241764,2020,2
6419241764,2021,3
6419241764,2022,3
6419241764,2023,3
3722643610,2019,23
3722643610,2020,25
3722643610,2021,36
3722643610,2022,33
3722643610,2023,43
3377987326,2019,23
3377987326,2020,26
3377987326,2021,66
3377987326,2022,31
3377987326,2023,81
7112465967,2019,78
7112465967,2020,43
7112465967,2021,30
7112465967,2022,45
7112465967,2023,53
2024967936,2019,7
2024967936,2020,8
2024967936,2021,6
2024967936,2022,10
2024967936,2023,3
8163272949,2019,5
8163272949,2020,6
8163272949,2021,5
8163272949,2022,9
8163272949,2023,4
5107695893,2019,4
5107695893,2020,2
5107695893,2021,1
5107695893,2022,3
5107695893,2023,2
1484364152,2019,89
1484364152,2020,43
1484364152,2021,45
1484364152,2022,57
1484364152,2023,25
6506900566,2019,20
6506900566,2020,26
6506900566,2021,35
6506900566,2022,48
6506900566,2023,41
3505317750,2019,2
3505317750,2020,5
3505317750,2021,3
3505317750,2022,1
3505317750,2023,2
8604529111,2019,14
8604529111,2020,10
8604529111,2021,7
8604529111,2022,15
8604529111,2023,11
9598627474,2019,4
9598627474,2020,10
9598627474,2021,4
9598627474,2022,8
9598627474,2023,1
9993104119,2019,6
9993104119,2020,10
9993104119,2021,8
9993104119,2022,7
9993104119,2023,3
6652977218,2019,32
6652977218,2020,47
6652977218,2021,41
6652977218,2022,45
6652977218,2023,50
4692153363,2019,2
4692153363,2020,5
4692153363,2021,4
4692153363,2022,5
4692153363,2023,4
8248216610,2019,10
8248216610,2020,5
8248216610,2021,10
8248216610,2022,8
8248216610,2023,7
6789859634,2019,106
6789859634,2020,182
6789859634,2021,154
6789859634,2022,57
6789859634,2023,93
3028012851,2019,160
3028012851,2020,63
3028012851,2021,160
3028012851,2022,99
3028012851,2023,132
6896877450,2019,5
6896877450,2020,1
6896877450,2021,6
6896877450,2022,3
6896877450,2023,3
4796090973,2019,67
4796090973,2020,94
4796090973,2021,34
4796090973,2022,25
4796090973,2023,64
9089540830,2019,2
9089540830,2020,1
9089540830,2021,4
9089540830,2022,5
9089540830,2023,3
5075093848,2019,6
5075093848,2020,5
5075093848,2021,1
5075093848,2022,3
5075093848,2023,6
3411003993,2019,2
3411003993,2020,2
3411003993,2021,4
3411003993,2022,2
3411003993,2023,3
2070806265,2019,10
2070806265,2020,6
2070806265,2021,7
2070806265,2022,1
2070806265,2023,5
5143580995,2019,9
5143580995,2020,8
5143580995,2021,7
5143580995,2022,8
5143580995,2023,8
6953043670,2019,30
6953043670,2020,21
6953043670,2021,11
6953043670,2022,22
6953043670,2023,10
5833792857,2019,7
5833792857,2020,1
5833792857,2021,3
5833792857,2022,10
5833792857,2023,7
9073587480,2019,83
9073587480,2020,50
9073587480,2021,59
9073587480,2022,100
9073587480,2023,23
1411663443,2019,8
1411663443,2020,2
1411663443,2021,3
1411663443,2022,5
1411663443,2023,3
4430808077,2019,3
4430808077,2020,5
4430808077,2021,4
4430808077,2022,10
4430808077,2023,6
8576646850,2019,1
8576646850,2020,6
8576646850,2021,8
8576646850,2022,4
8576646850,2023,6
1799331360,2019,79
1799331360,2020,53
1799331360,2021,179
1799331360,2022,118
1799331360,2023,51
1136205751,2019,3
1136205751,2020,2
1136205751,2021,4
1136205751,2022,2
1136205751,2023,4
2377041048,2019,64
2377041048,2020,72
2377041048,2021,139
2377041048,2022,102
2377041048,2023,186
4015738120,2019,8
4015738120,2020,9
4015738120,2021,8
4015738120,2022,2
4015738120,2023,1
5529223785,2019,40
5529223785,2020,39
5529223785,2021,45
5529223785,2022,25
5529223785,2023,28
9242934133,2019,2
9242934133,2020,4
9242934133,2021,2
9242934133,2022,3
9242934133,2023,4
4192473678,2019,24
4192473678,2020,32
4192473678,2021,32
4192473678,2022,46
4192473678,2023,46
3520209418,2019,8
3520209418,2020,9
3520209418,2021,7
3520209418,2022,2
3520209418,2023,5
6384242396,2019,5
6384242396,2020,3
6384242396,2021,5
6384242396,2022,4
6384242396,2023,3
2623303457,2019,10
2623303457,2020,1
2623303457,2021,9
2623303457,2022,1
2623303457,2023,5
5231101502,2019,1
5231101502,2020,9
5231101502,2021,7
5231101502,2022,10
5231101502,2023,4
3693300130,2019,8
3693300130,2020,10
3693300130,2021,7
3693300130,2022,9
3693300130,2023,2
5321092501,2019,9
5321092501,2020,8
5321092501,2021,7
5321092501,2022,4
5321092501,2023,2
1530572743,2019,35
1530572743,2020,22
1530572743,2021,36
1530572743,2022,23
1530572743,2023,26
8687709269,2019,68
8687709269,2020,136
8687709269,2021,164
8687709269,2022,185
8687709269,2023,63
7587042101,2019,2
7587042101,2020,4
7587042101,2021,4
7587042101,2022,1
7587042101,2023,5
8993470727,2019,33
8993470727,2020,95
8993470727,2021,25
8993470727,2022,34
8993470727,2023,72
3100378290,2019,215
3100378290,2020,179
3100378290,2021,160
3100378290,2022,60
3100378290,2023,84
2470681604,2019,37
2470681604,2020,40
2470681604,2021,41
2470681604,2022,18
2470681604,2023,19
5188622270,2019,196
5188622270,2020,185
5188622270,2021,141
5188622270,2022,74
5188622270,2023,67
5728083185,2019,48
5728083185,2020,36
5728083185,2021,50
5728083185,2022,25
5728083185,2023,27
4801590764,2019,39
4801590764,2020,25
4801590764,2021,47
4801590764,2022,18
4801590764,2023,18
9483038935,2019,22
9483038935,2020,44
9483038935,2021,35
9483038935,2022,23
9483038935,2023,28
4371474586,2019,1
4371474586,2020,4
4371474586,2021,1
4371474586,2022,1
4371474586,2023,1
9891278881,2019,141
9891278881,2020,99
9891278881,2021,171
9891278881,2022,140
9891278881,2023,100
1567616097,2019,6
1567616097,2020,2
1567616097,2021,1
1567616097,2022,6
1567616097,2023,8
8259180140,2019,2
8259180140,2020,4
8259180140,2021,7
8259180140,2022,1
8259180140,2023,7
6438755849,2019,4
6438755849,2020,1
6438755849,2021,5
6438755849,2022,3
6438755849,2023,5
6940570365,2019,2
6940570365,2020,2
6940570365,2021,1
6940570365,2022,1
6940570365,2023,4
2804138370,2019,3
2804138370,2020,4
2804138370,2021,1
2804138370,2022,2
2804138370,2023,3
9718080466,2019,8
9718080466,2020,3
9718080466,2021,1
9718080466,2022,2
9718080466,2023,5
6965703197,2019,81
6965703197,2020,85
6965703197,2021,98
6965703197,2022,24
6965703197,2023,54
9052778206,2019,17
9052778206,2020,17
9052778206,2021,19
9052778206,2022,14
9052778206,2023,20
6448479770,2019,5
6448479770,2020,2
6448479770,2021,5
6448479770,2022,4
6448479770,2023,5
2832779870,2019,10
2832779870,2020,11
2832779870,2021,9
2832779870,2022,7
2832779870,2023,10
3416982560,2019,35
3416982560,2020,62
3416982560,2021,67
3416982560,2022,100
3416982560,2023,49
4060909826,2019,1
4060909826,2020,1
4060909826,2021,4
4060909826,2022,4
4060909826,2023,5
7522284635,2019,3
7522284635,2020,3
7522284635,2021,1
7522284635,2022,4
7522284635,2023,1
6346391500,2019,7
6346391500,2020,1
6346391500,2021,1
6346391500,2022,7
6346391500,2023,5
1455851577,2019,140
1455851577,2020,182
1455851577,2021,89
1455851577,2022,153
1455851577,2023,185
6359402654,2019,38
6359402654,2020,33
6359402654,2021,40
6359402654,2022,50
6359402654,2023,44
6348608562,2019,20
6348608562,2020,27
6348608562,2021,41
6348608562,2022,33
6348608562,2023,34
1692526151,2019,150
1692526151,2020,108
1692526151,2021,137
1692526151,2022,84
1692526151,2023,73
1169843144,2019,2
1169843144,2020,2
1169843144,2021,3
1169843144,2022,6
1169843144,2023,3
6222741361,2019,1
6222741361,2020,1
6222741361,2021,2
6222741361,2022,2
6222741361,2023,2
6649902295,2019,122
6649902295,2020,156
6649902295,2021,145
6649902295,2022,96
6649902295,2023,188
6690924828,2019,19
6690924828,2020,5
6690924828,2021,16
6690924828,2022,11
6690924828,2023,18
8441116651,2019,1
8441116651,2020,6
8441116651,2021,10
8441116651,2022,3
8441116651,2023,5
6021681520,2019,3
6021681520,2020,2
6021681520,2021,3
6021681520,2022,4
6021681520,2023,3
2026631170,2019,50
2026631170,2020,23
2026631170,2021,35
2026631170,2022,31
2026631170,2023,45
7248849094,2019,195
7248849094,2020,187
7248849094,2021,85
7248849094,2022,198
7248849094,2023,186
5908274880,2019,3
5908274880,2020,1
5908274880,2021,8
5908274880,2022,9
5908274880,2023,6
8070203169,2019,93
8070203169,2020,121
8070203169,2021,171
8070203169,2022,109
8070203169,2023,53
3278687479,2019,8
3278687479,2020,9
3278687479,2021,4
3278687479,2022,6
3278687479,2023,10
4563790282,2019,74
4563790282,2020,64
4563790282,2021,92
4563790282,2022,88
4563790282,2023,20
4442797359,2019,1
4442797359,2020,5
4442797359,2021,3
4442797359,2022,1
4442797359,2023,5
6855508274,2019,1
6855508274,2020,4
6855508274,2021,4
6855508274,2022,9
6855508274,2023,6
7813622408,2019,8
7813622408,2020,10
7813622408,2021,9
7813622408,2022,1
7813622408,2023,2
8843046176,2019,171
8843046176,2020,133
8843046176,2021,122
8843046176,2022,190
8843046176,2023,134
4886210621,2019,88
4886210621,2020,61
4886210621,2021,90
4886210621,2022,43
4886210621,2023,39
3487676790,2019,1
3487676790,2020,3
3487676790,2021,4
3487676790,2022,4
3487676790,2023,2
1970095430,2019,5
1970095430,2020,7
1970095430,2021,1
1970095430,2022,10
1970095430,2023,8
6075974367,2019,24
6075974367,2020,31
6075974367,2021,63
6075974367,2022,57
6075974367,2023,66
7682734967,2019,130
7682734967,2020,135
7682734967,2021,177
7682734967,2022,141
7682734967,2023,117
3560924106,2019,98
3560924106,2020,86
3560924106,2021,49
3560924106,2022,85
3560924106,2023,35
5855148067,2019,85
5855148067,2020,50
5855148067,2021,24
5855148067,2022,39
5855148067,2023,68
2186181192,2019,6
2186181192,2020,4
2186181192,2021,3
2186181192,2022,7
2186181192,2023,4
1298378264,2019,50
1298378264,2020,45
1298378264,2021,47
1298378264,2022,28
1298378264,2023,41
5994220815,2019,2
5994220815,2020,6
5994220815,2021,6
5994220815,2022,8
5994220815,2023,4
2288831585,2019,45
2288831585,2020,35
2288831585,2021,34
2288831585,2022,46
2288831585,2023,31
4144146297,2019,4
4144146297,2020,4
4144146297,2021,2
4144146297,2022,2
4144146297,2023,2
5828496653,2019,70
5828496653,2020,56
5828496653,2021,26
5828496653,2022,50
5828496653,2023,95
2461227472,2019,4
2461227472,2020,3
2461227472,2021,4
2461227472,2022,9
2461227472,2023,5
5693098776,2019,6
5693098776,2020,8
5693098776,2021,4
5693098776,2022,9
5693098776,2023,9
6088322800,2019,2
6088322800,2020,4
6088322800,2021,9
6088322800,2022,5
6088322800,2023,6
5853230942,2019,23
5853230942,2020,44
5853230942,2021,36
5853230942,2022,70
5853230942,2023,54
4340947689,2019,2
4340947689,2020,4
4340947689,2021,1
4340947689,2022,5
4340947689,2023,2
8009648039,2019,2
8009648039,2020,6
8009648039,2021,1
8009648039,2022,2
8009648039,2023,5
4424426674,2019,21
4424426674,2020,50
4424426674,2021,33
4424426674,2022,34
4424426674,2023,43
9082485200,2019,4
9082485200,2020,3
9082485200,2021,7
9082485200,2022,8
9082485200,2023,2
8633297497,2019,19
8633297497,2020,30
8633297497,2021,26
8633297497,2022,15
8633297497,2023,26
8353655096,2019,7
8353655096,2020,10
8353655096,2021,11
8353655096,2022,10
8353655096,2023,14
9009632139,2019,5
9009632139,2020,9
9009632139,2021,6
9009632139,2022,5
9009632139,2023,4
3168835730,2019,2
3168835730,2020,5
3168835730,2021,5
3168835730,2022,5
3168835730,2023,5
1936852000,2019,5
1936852000,2020,3
1936852000,2021,3
1936852000,2022,3
1936852000,2023,3
4818599488,2019,11
4818599488,2020,8
4818599488,2021,11
4818599488,2022,16
4818599488,2023,10
3125902560,2019,7
3125902560,2020,9
3125902560,2021,1
3125902560,2022,8
3125902560,2023,4
2262509700,2019,2
2262509700,2020,7
2262509700,2021,4
2262509700,2022,8
2262509700,2023,9
8468628344,2019,41
8468628344,2020,55
8468628344,2021,21
8468628344,2022,39
8468628344,2023,83
3993049792,2019,10
3993049792,2020,1
3993049792,2021,8
3993049792,2022,8
3993049792,2023,1
5032459268,2019,42
5032459268,2020,21
5032459268,2021,29
5032459268,2022,44
5032459268,2023,45
5001223074,2019,11
5001223074,2020,24
5001223074,2021,25
5001223074,2022,19
5001223074,2023,18
7384423338,2019,10
7384423338,2020,3
7384423338,2021,8
7384423338,2022,4
7384423338,2023,4
8575591766,2019,57
8575591766,2020,23
8575591766,2021,75
8575591766,2022,57
8575591766,2023,37
9807672405,2019,191
9807672405,2020,59
9807672405,2021,196
9807672405,2022,127
9807672405,2023,187
1797950864,2019,8
1797950864,2020,5
1797950864,2021,1
1797950864,2022,9
1797950864,2023,5
4547925059,2019,156
4547925059,2020,197
4547925059,2021,76
4547925059,2022,89
4547925059,2023,128
3522432570,2019,4
3522432570,2020,1
3522432570,2021,2
3522432570,2022,2
3522432570,2023,4
5888260469,2019,1643
5888260469,2020,891
5888260469,2021,1970
5888260469,2022,1260
5888260469,2023,1319
9400221594,2019,77
9400221594,2020,65
9400221594,2021,58
9400221594,2022,69
9400221594,2023,78
3232187723,2019,10
3232187723,2020,2
3232187723,2021,2
3232187723,2022,5
3232187723,2023,10
8353082211,2019,8
8353082211,2020,4
8353082211,2021,5
8353082211,2022,4
8353082211,2023,5
7389701639,2019,2
7389701639,2020,7
7389701639,2021,10
7389701639,2022,3
7389701639,2023,3
1220478640,2019,32
1220478640,2020,33
1220478640,2021,32
1220478640,2022,22
1220478640,2023,26
9417907554,2019,3
9417907554,2020,3
9417907554,2021,5
9417907554,2022,1
9417907554,2023,5
7327816983,2019,3512
7327816983,2020,2348
7327816983,2021,2806
7327816983,2022,4551
7327816983,2023,3682
4055110703,2019,48
4055110703,2020,20
4055110703,2021,34
4055110703,2022,41
4055110703,2023,30
7431906451,2019,3867
7431906451,2020,838
7431906451,2021,2646
7431906451,2022,2093
7431906451,2023,4105
7651200479,2019,3
7651200479,2020,6
7651200479,2021,7
7651200479,2022,9
7651200479,2023,5
4076218475,2019,83
4076218475,2020,50
4076218475,2021,95
4076218475,2022,77
4076218475,2023,46
2958989458,2019,4
2958989458,2020,3
2958989458,2021,6
2958989458,2022,3
2958989458,2023,9
4124561372,2019,73
4124561372,2020,35
4124561372,2021,47
4124561372,2022,55
4124561372,2023,73
9855631130,2019,3
9855631130,2020,2
9855631130,2021,4
9855631130,2022,4
9855631130,2023,4
1419249273,2019,9
1419249273,2020,7
1419249273,2021,10
1419249273,2022,4
1419249273,2023,10
6355567009,2019,4
6355567009,2020,2
6355567009,2021,2
6355567009,2022,2
6355567009,2023,2
3240594467,2019,4
3240594467,2020,1
3240594467,2021,1
3240594467,2022,1
3240594467,2023,4
9207292795,2019,2
9207292795,2020,4
9207292795,2021,10
9207292795,2022,6
9207292795,2023,4
9342466543,2019,2
9342466543,2020,6
9342466543,2021,7
9342466543,2022,8
9342466543,2023,3
3030324018,2019,21
3030324018,2020,83
3030324018,2021,54
3030324018,2022,21
3030324018,2023,65
7151463598,2019,63
7151463598,2020,53
7151463598,2021,88
7151463598,2022,53
7151463598,2023,51
5858292845,2019,4
5858292845,2020,5
5858292845,2021,3
5858292845,2022,5
5858292845,2023,3
7376578271,2019,88
7376578271,2020,99
7376578271,2021,32
7376578271,2022,80
7376578271,2023,30
8788269478,2019,5
8788269478,2020,7
8788269478,2021,2
8788269478,2022,10
8788269478,2023,2
4258607873,2019,5
4258607873,2020,10
4258607873,2021,5
4258607873,2022,1
4258607873,2023,4
7507919700,2019,25
7507919700,2020,40
7507919700,2021,48
7507919700,2022,46
7507919700,2023,20
6122464607,2019,2
6122464607,2020,3
6122464607,2021,5
6122464607,2022,4
6122464607,2023,3
2512902385,2019,170
2512902385,2020,169
2512902385,2021,124
2512902385,2022,125
2512902385,2023,148
3774808052,2019,5
3774808052,2020,1
3774808052,2021,4
3774808052,2022,1
3774808052,2023,2
7144500593,2019,4
7144500593,2020,4
7144500593,2021,3
7144500593,2022,2
7144500593,2023,3
6993201483,2019,8
6993201483,2020,2
6993201483,2021,5
6993201483,2022,3
6993201483,2023,1
9465093508,2019,49
9465093508,2020,26
9465093508,2021,34
9465093508,2022,26
9465093508,2023,39
6780685252,2019,1
6780685252,2020,2
6780685252,2021,5
6780685252,2022,4
6780685252,2023,2
5552838589,2019,5
5552838589,2020,10
5552838589,2021,2
5552838589,2022,4
5552838589,2023,4
2671987832,2019,98
2671987832,2020,64
2671987832,2021,96
2671987832,2022,82
2671987832,2023,62
8441411009,2019,13
8441411009,2020,10
8441411009,2021,9
8441411009,2022,13
8441411009,2023,7
7808148125,2019,2
7808148125,2020,2
7808148125,2021,1
7808148125,2022,3
7808148125,2023,7
6862584825,2019,1
6862584825,2020,6
6862584825,2021,8
6862584825,2022,2
6862584825,2023,10
6529300619,2019,11
6529300619,2020,19
6529300619,2021,20
6529300619,2022,6
6529300619,2023,20
6655310561,2019,8
6655310561,2020,1
6655310561,2021,7
6655310561,2022,10
6655310561,2023,4
1320639440,2019,8
1320639440,2020,9
1320639440,2021,3
1320639440,2022,7
1320639440,2023,4
6742090712,2019,2
6742090712,2020,4
6742090712,2021,2
6742090712,2022,5
6742090712,2023,5
4906061991,2019,3
4906061991,2020,8
4906061991,2021,6
4906061991,2022,3
4906061991,2023,9
5752373691,2019,53
5752373691,2020,48
5752373691,2021,21
5752373691,2022,70
5752373691,2023,72
7359415072,2019,27
7359415072,2020,33
7359415072,2021,38
7359415072,2022,34
7359415072,2023,42
5451728975,2019,1
5451728975,2020,3
5451728975,2021,1
5451728975,2022,8
5451728975,2023,10
6539720417,2019,4
6539720417,2020,3
6539720417,2021,5
6539720417,2022,4
6539720417,2023,2
6307004290,2019,3
6307004290,2020,6
6307004290,2021,1
6307004290,2022,5
6307004290,2023,10
5645066588,2019,10
5645066588,2020,8
5645066588,2021,8
5645066588,2022,2
5645066588,2023,7
1590652182,2019,5
1590652182,2020,9
1590652182,2021,1
1590652182,2022,7
1590652182,2023,8
8133436201,2019,15
8133436201,2020,12
8133436201,2021,20
8133436201,2022,18
8133436201,2023,17
1077206404,2019,2
1077206404,2020,10
1077206404,2021,9
1077206404,2022,4
1077206404,2023,6
9180946412,2019,5
9180946412,2020,7
9180946412,2021,8
9180946412,2022,8
9180946412,2023,2
8160756149,2019,10
8160756149,2020,1
8160756149,2021,1
8160756149,2022,6
8160756149,2023,8
1908621987,2019,1
1908621987,2020,4
1908621987,2021,5
1908621987,2022,5
1908621987,2023,4
5548411840,2019,6
5548411840,2020,10
5548411840,2021,2
5548411840,2022,9
5548411840,2023,10
8983017942,2019,180
8983017942,2020,188
8983017942,2021,86
8983017942,2022,154
8983017942,2023,57
5795371568,2019,6
5795371568,2020,4
5795371568,2021,4
5795371568,2022,3
5795371568,2023,2
3883917986,2019,3
3883917986,2020,3
3883917986,2021,7
3883917986,2022,2
3883917986,2023,7
1317767072,2019,9
1317767072,2020,8
1317767072,2021,8
1317767072,2022,4
1317767072,2023,4
6824481817,2019,8
6824481817,2020,10
6824481817,2021,9
6824481817,2022,3
6824481817,2023,5
4610695925,2019,29
4610695925,2020,45
4610695925,2021,58
4610695925,2022,79
4610695925,2023,90
3352640603,2019,8
3352640603,2020,8
3352640603,2021,8
3352640603,2022,2
3352640603,2023,9
1198914962,2019,4
1198914962,2020,6
1198914962,2021,1
1198914962,2022,9
1198914962,2023,7
5106382010,2019,10
5106382010,2020,8
5106382010,2021,1
5106382010,2022,5
5106382010,2023,9
2875668456,2019,4
2875668456,2020,8
2875668456,2021,1
2875668456,2022,4
2875668456,2023,5
1416809849,2019,22
1416809849,2020,22
1416809849,2021,27
1416809849,2022,11
1416809849,2023,21
7287771704,2019,7
7287771704,2020,2
7287771704,2021,5
7287771704,2022,8
7287771704,2023,9
3971732894,2019,5
3971732894,2020,1
3971732894,2021,8
3971732894,2022,10
3971732894,2023,2
1766594732,2019,72
1766594732,2020,116
1766594732,2021,168
1766594732,2022,178
1766594732,2023,50
8063647187,2019,4
8063647187,2020,1
8063647187,2021,1
8063647187,2022,2
8063647187,2023,4
8180858820,2019,6
8180858820,2020,3
8180858820,2021,9
8180858820,2022,6
8180858820,2023,2
8916558390,2019,3
8916558390,2020,5
8916558390,2021,4
8916558390,2022,2
8916558390,2023,3
4923164813,2019,6
4923164813,2020,1
4923164813,2021,4
4923164813,2022,5
4923164813,2023,10
8949568149,2019,59
8949568149,2020,42
8949568149,2021,74
8949568149,2022,58
8949568149,2023,56
9219325500,2019,1930
9219325500,2020,776
9219325500,2021,1967
9219325500,2022,1905
9219325500,2023,704
3487910637,2019,4
3487910637,2020,8
3487910637,2021,10
3487910637,2022,10
3487910637,2023,8
2423907079,2019,5
2423907079,2020,6
2423907079,2021,5
2423907079,2022,7
2423907079,2023,1
6879417683,2019,40
6879417683,2020,46
6879417683,2021,28
6879417683,2022,21
6879417683,2023,29
9318496532,2019,49
9318496532,2020,29
9318496532,2021,34
9318496532,2022,33
9318496532,2023,32
9120965799,2019,89
9120965799,2020,80
9120965799,2021,99
9120965799,2022,69
9120965799,2023,41
3815543051,2019,1
3815543051,2020,2
3815543051,2021,4
3815543051,2022,4
3815543051,2023,1
6070101026,2019,20
6070101026,2020,17
6070101026,2021,7
6070101026,2022,8
6070101026,2023,15
8196405010,2019,10
8196405010,2020,4
8196405010,2021,3
8196405010,2022,7
8196405010,2023,7
2386652048,2019,20
2386652048,2020,29
2386652048,2021,26
2386652048,2022,20
2386652048,2023,23
7560022458,2019,3
7560022458,2020,3
7560022458,2021,6
7560022458,2022,4
7560022458,2023,9
7330514381,2019,180
7330514381,2020,69
7330514381,2021,67
7330514381,2022,179
7330514381,2023,158
8314548175,2019,5
8314548175,2020,4
8314548175,2021,3
8314548175,2022,2
8314548175,2023,1
6865779416,2019,52
6865779416,2020,99
6865779416,2021,57
6865779416,2022,131
6865779416,2023,185
2309064653,2019,6
2309064653,2020,7
2309064653,2021,8
2309064653,2022,6
2309064653,2023,10
2927841144,2019,22
2927841144,2020,41
2927841144,2021,41
2927841144,2022,23
2927841144,2023,48
9741002680,2019,62
9741002680,2020,71
9741002680,2021,53
9741002680,2022,24
9741002680,2023,75
2048995069,2019,3
2048995069,2020,7
2048995069,2021,3
2048995069,2022,3
2048995069,2023,3
3186061663,2019,10
3186061663,2020,1
3186061663,2021,9
3186061663,2022,1
3186061663,2023,2
2685680979,2019,1
2685680979,2020,3
2685680979,2021,5
2685680979,2022,5
2685680979,2023,3
5498653591,2019,74
5498653591,2020,71
5498653591,2021,98
5498653591,2022,163
5498653591,2023,137
4288137579,2019,5
4288137579,2020,4
4288137579,2021,1
4288137579,2022,2
4288137579,2023,5
9276868930,2019,45
9276868930,2020,50
9276868930,2021,29
9276868930,2022,47
9276868930,2023,48
5357021041,2019,6
5357021041,2020,1
5357021041,2021,7
5357021041,2022,7
5357021041,2023,10
5934096644,2019,9
5934096644,2020,1
5934096644,2021,10
5934096644,2022,10
5934096644,2023,1
2981411820,2019,50
2981411820,2020,41
2981411820,2021,42
2981411820,2022,47
2981411820,2023,28
7419964465,2019,3
7419964465,2020,9
7419964465,2021,5
7419964465,2022,6
7419964465,2023,7
7998097658,2019,14
7998097658,2020,6
7998097658,2021,5
7998097658,2022,8
7998097658,2023,16
3985953318,2019,11
3985953318,2020,12
3985953318,2021,5
3985953318,2022,12
3985953318,2023,5
9488025996,2019,8
9488025996,2020,1
9488025996,2021,3
9488025996,2022,2
9488025996,2023,7
8010202494,2019,19
8010202494,2020,13
8010202494,2021,9
8010202494,2022,11
8010202494,2023,5
8830062942,2019,9
8830062942,2020,1
8830062942,2021,8
8830062942,2022,3
8830062942,2023,1
1992782280,2019,1
1992782280,2020,5
1992782280,2021,2
1992782280,2022,3
1992782280,2023,5
2532964651,2019,18
2532964651,2020,15
2532964651,2021,16
2532964651,2022,14
2532964651,2023,13
9842400110,2019,32
9842400110,2020,40
9842400110,2021,40
9842400110,2022,31
9842400110,2023,38
4821739020,2019,3
4821739020,2020,3
4821739020,2021,4
4821739020,2022,5
4821739020,2023,4
3896343232,2019,10
3896343232,2020,4
3896343232,2021,4
3896343232,2022,7
3896343232,2023,5
2543587428,2019,95
2543587428,2020,67
2543587428,2021,89
2543587428,2022,81
2543587428,2023,54
5895560762,2019,4
5895560762,2020,3
5895560762,2021,3
5895560762,2022,1
5895560762,2023,5
7573450277,2019,1
7573450277,2020,2
7573450277,2021,4
7573450277,2022,4
7573450277,2023,1
8627728790,2019,6
8627728790,2020,8
8627728790,2021,9
8627728790,2022,2
8627728790,2023,8
9977637178,2019,27
9977637178,2020,37
9977637178,2021,90
9977637178,2022,100
9977637178,2023,98
7190152670,2019,41
7190152670,2020,49
7190152670,2021,35
7190152670,2022,43
7190152670,2023,47
6895489050,2019,2
6895489050,2020,2
6895489050,2021,5
6895489050,2022,3
6895489050,2023,1
1694913450,2019,10
1694913450,2020,4
1694913450,2021,6
1694913450,2022,4
1694913450,2023,9
3363493360,2019,3
3363493360,2020,10
3363493360,2021,5
3363493360,2022,6
3363493360,2023,2
1952815720,2019,2
1952815720,2020,6
1952815720,2021,5
1952815720,2022,5
1952815720,2023,10
9291760848,2019,9
9291760848,2020,9
9291760848,2021,5
9291760848,2022,3
9291760848,2023,6
5711594033,2019,25
5711594033,2020,77
5711594033,2021,100
5711594033,2022,91
5711594033,2023,34
2871977711,2019,1
2871977711,2020,2
2871977711,2021,3
2871977711,2022,4
2871977711,2023,1
2582320408,2019,8
2582320408,2020,6
2582320408,2021,14
2582320408,2022,5
2582320408,2023,11
6187962047,2019,44
6187962047,2020,20
6187962047,2021,36
6187962047,2022,25
6187962047,2023,29
6882862603,2019,500
6882862603,2020,1336
6882862603,2021,1766
6882862603,2022,1067
6882862603,2023,1544
2539767288,2019,2
2539767288,2020,2
2539767288,2021,4
2539767288,2022,8
2539767288,2023,3
8660890845,2019,10
8660890845,2020,2
8660890845,2021,1
8660890845,2022,2
8660890845,2023,2
7259823826,2019,28
7259823826,2020,28
7259823826,2021,23
7259823826,2022,22
7259823826,2023,24
3467729298,2019,3
3467729298,2020,10
3467729298,2021,4
3467729298,2022,9
3467729298,2023,9
1932173697,2019,155
1932173697,2020,170
1932173697,2021,157
1932173697,2022,127
1932173697,2023,89
3181012498,2019,5
3181012498,2020,7
3181012498,2021,2
3181012498,2022,10
3181012498,2023,3
1729085452,2019,3
1729085452,2020,1
1729085452,2021,3
1729085452,2022,5
1729085452,2023,8
8907917084,2019,5
8907917084,2020,5
8907917084,2021,5
8907917084,2022,3
8907917084,2023,1
6880099067,2019,10
6880099067,2020,8
6880099067,2021,10
6880099067,2022,8
6880099067,2023,4
7937842040,2019,1
7937842040,2020,10
7937842040,2021,10
7937842040,2022,9
7937842040,2023,6
7202660940,2019,1
7202660940,2020,9
7202660940,2021,6
7202660940,2022,1
7202660940,2023,5
2135279539,2019,5
2135279539,2020,1
2135279539,2021,7
2135279539,2022,2
2135279539,2023,6
6976063125,2019,23
6976063125,2020,34
6976063125,2021,45
6976063125,2022,37
6976063125,2023,20
5479653180,2019,84
5479653180,2020,31
5479653180,2021,25
5479653180,2022,59
5479653180,2023,62
2591640524,2019,13
2591640524,2020,22
2591640524,2021,11
2591640524,2022,22
2591640524,2023,17
8579899192,2019,93
8579899192,2020,88
8579899192,2021,78
8579899192,2022,94
8579899192,2023,34
8924315476,2019,31
8924315476,2020,49
8924315476,2021,32
8924315476,2022,25
8924315476,2023,24
1855491955,2019,2
1855491955,2020,9
1855491955,2021,8
1855491955,2022,9
1855491955,2023,3
2566585985,2019,5
2566585985,2020,3
2566585985,2021,1
2566585985,2022,3
2566585985,2023,1
2488703080,2019,4
2488703080,2020,6
2488703080,2021,7
2488703080,2022,1
2488703080,2023,5
6369009445,2019,4
6369009445,2020,1
6369009445,2021,3
6369009445,2022,5
6369009445,2023,2
5204362380,2019,6
5204362380,2020,13
5204362380,2021,7
5204362380,2022,9
5204362380,2023,6
2705389793,2019,41
2705389793,2020,33
2705389793,2021,94
2705389793,2022,64
2705389793,2023,37
1385306425,2019,2
1385306425,2020,5
1385306425,2021,3
1385306425,2022,2
1385306425,2023,3
9523757336,2019,40
9523757336,2020,29
9523757336,2021,30
9523757336,2022,29
9523757336,2023,35
3394995287,2019,3
3394995287,2020,1
3394995287,2021,6
3394995287,2022,8
3394995287,2023,10
4004810774,2019,39
4004810774,2020,36
4004810774,2021,23
4004810774,2022,46
4004810774,2023,24
2509989010,2019,5
2509989010,2020,9
2509989010,2021,9
2509989010,2022,2
2509989010,2023,10
9589147254,2019,29
9589147254,2020,23
9589147254,2021,14
9589147254,2022,13
9589147254,2023,22
7907185678,2019,3
7907185678,2020,2
7907185678,2021,1
7907185678,2022,5
7907185678,2023,1
3989411215,2019,9
3989411215,2020,8
3989411215,2021,1
3989411215,2022,5
3989411215,2023,9
4435884751,2019,643
4435884751,2020,1061
4435884751,2021,1827
4435884751,2022,804
4435884751,2023,1615
5126467759,2019,18
5126467759,2020,20
5126467759,2021,12
5126467759,2022,7
5126467759,2023,11
1283035742,2019,6
1283035742,2020,9
1283035742,2021,3
1283035742,2022,6
1283035742,2023,6
2981119290,2019,132
2981119290,2020,185
2981119290,2021,133
2981119290,2022,151
2981119290,2023,55
4427393032,2019,5
4427393032,2020,5
4427393032,2021,6
4427393032,2022,6
4427393032,2023,10
5463564268,2019,3
5463564268,2020,2
5463564268,2021,2
5463564268,2022,2
5463564268,2023,4
2901287834,2019,6
2901287834,2020,8
2901287834,2021,8
2901287834,2022,9
2901287834,2023,2
5686006608,2019,81
5686006608,2020,167
5686006608,2021,82
5686006608,2022,84
5686006608,2023,193
2561725011,2019,5
2561725011,2020,3
2561725011,2021,2
2561725011,2022,2
2561725011,2023,2
8416216486,2019,4
8416216486,2020,1
8416216486,2021,1
8416216486,2022,4
8416216486,2023,1
3870638321,2019,10
3870638321,2020,5
3870638321,2021,9
3870638321,2022,9
3870638321,2023,5
6746845935,2019,5
6746845935,2020,10
6746845935,2021,7
6746845935,2022,3
6746845935,2023,2
3828768705,2019,160
3828768705,2020,210
3828768705,2021,108
3828768705,2022,219
3828768705,2023,245
4438227952,2019,42
4438227952,2020,46
4438227952,2021,24
4438227952,2022,41
4438227952,2023,48
8090795032,2019,3
8090795032,2020,3
8090795032,2021,2
8090795032,2022,9
8090795032,2023,1
6698402682,2019,34
6698402682,2020,85
6698402682,2021,72
6698402682,2022,92
6698402682,2023,29
4023827180,2019,33
4023827180,2020,43
4023827180,2021,22
4023827180,2022,42
4023827180,2023,27
9567838350,2019,11
9567838350,2020,18
9567838350,2021,14
9567838350,2022,19
9567838350,2023,18
9235530651,2019,15
9235530651,2020,9
9235530651,2021,14
9235530651,2022,6
9235530651,2023,10
8607922485,2019,43
8607922485,2020,43
8607922485,2021,37
8607922485,2022,23
8607922485,2023,26
6701529036,2019,9
6701529036,2020,8
6701529036,2021,4
6701529036,2022,5
6701529036,2023,9
1366712363,2019,5
1366712363,2020,7
1366712363,2021,11
1366712363,2022,9
1366712363,2023,6
8015363250,2019,9
8015363250,2020,4
8015363250,2021,3
8015363250,2022,7
8015363250,2023,3
5890157814,2019,4
5890157814,2020,10
5890157814,2021,2
5890157814,2022,1
5890157814,2023,5
5756477070,2019,42
5756477070,2020,26
5756477070,2021,48
5756477070,2022,21
5756477070,2023,32
7673024596,2019,20
7673024596,2020,60
7673024596,2021,90
7673024596,2022,55
7673024596,2023,79
3041741396,2019,50
3041741396,2020,83
3041741396,2021,25
3041741396,2022,57
3041741396,2023,86
8720998010,2019,51
8720998010,2020,26
8720998010,2021,48
8720998010,2022,56
8720998010,2023,96
3791750938,2019,1
3791750938,2020,9
3791750938,2021,3
3791750938,2022,3
3791750938,2023,3
9351792954,2019,1
9351792954,2020,5
9351792954,2021,2
9351792954,2022,2
9351792954,2023,2
5638796651,2019,95
5638796651,2020,29
5638796651,2021,47
5638796651,2022,51
5638796651,2023,43
8002135854,2019,43
8002135854,2020,41
8002135854,2021,40
8002135854,2022,23
8002135854,2023,49
8215093496,2019,4
8215093496,2020,1
8215093496,2021,4
8215093496,2022,8
8215093496,2023,8
4277916954,2019,2
4277916954,2020,9
4277916954,2021,7
4277916954,2022,3
4277916954,2023,4
8801860898,2019,13
8801860898,2020,9
8801860898,2021,8
8801860898,2022,6
8801860898,2023,8
8829411179,2019,3
8829411179,2020,5
8829411179,2021,4
8829411179,2022,3
8829411179,2023,2
1992909460,2019,10
1992909460,2020,1
1992909460,2021,2
1992909460,2022,5
1992909460,2023,7
1405005441,2019,15
1405005441,2020,21
1405005441,2021,19
1405005441,2022,10
1405005441,2023,27
1183264398,2019,50
1183264398,2020,173
1183264398,2021,172
1183264398,2022,164
1183264398,2023,83
8652395820,2019,1
8652395820,2020,6
8652395820,2021,3
8652395820,2022,6
8652395820,2023,8
5666613086,2019,42
5666613086,2020,39
5666613086,2021,23
5666613086,2022,49
5666613086,2023,34
1016909511,2019,14
1016909511,2020,31
1016909511,2021,26
1016909511,2022,50
1016909511,2023,40
8099531091,2019,5
8099531091,2020,4
8099531091,2021,10
8099531091,2022,6
8099531091,2023,10
5482588670,2019,3
5482588670,2020,5
5482588670,2021,3
5482588670,2022,2
5482588670,2023,6
5127752668,2019,7
5127752668,2020,2
5127752668,2021,7
5127752668,2022,5
5127752668,2023,1
3977731578,2019,5
3977731578,2020,5
3977731578,2021,4
3977731578,2022,5
3977731578,2023,1
1923094260,2019,1
1923094260,2020,1
1923094260,2021,1
1923094260,2022,2
1923094260,2023,5
2857611612,2019,3
2857611612,2020,2
2857611612,2021,5
2857611612,2022,3
2857611612,2023,1
3865367827,2019,2
3865367827,2020,9
3865367827,2021,2
3865367827,2022,9
3865367827,2023,8
2979128255,2019,8
2979128255,2020,8
2979128255,2021,1
2979128255,2022,9
2979128255,2023,3
4978275621,2019,5
4978275621,2020,6
4978275621,2021,1
4978275621,2022,4
4978275621,2023,6
3991336752,2019,5
3991336752,2020,1
3991336752,2021,1
3991336752,2022,3
3991336752,2023,4
4801382052,2019,89
4801382052,2020,173
4801382052,2021,167
4801382052,2022,194
4801382052,2023,177
7736326068,2019,8
7736326068,2020,7
7736326068,2021,2
7736326068,2022,7
7736326068,2023,8
7635621065,2019,6
7635621065,2020,8
7635621065,2021,8
7635621065,2022,3
7635621065,2023,4
2077302348,2019,3
2077302348,2020,4
2077302348,2021,9
2077302348,2022,4
2077302348,2023,10
2591623539,2019,89
2591623539,2020,69
2591623539,2021,55
2591623539,2022,94
2591623539,2023,45
7102363580,2019,4
7102363580,2020,2
7102363580,2021,2
7102363580,2022,5
7102363580,2023,3
2157451800,2019,5
2157451800,2020,6
2157451800,2021,3
2157451800,2022,9
2157451800,2023,2
3140200871,2019,9
3140200871,2020,1
3140200871,2021,5
3140200871,2022,1
3140200871,2023,1
6434968115,2019,3
6434968115,2020,5
6434968115,2021,4
6434968115,2022,4
6434968115,2023,2
3187495931,2019,3
3187495931,2020,4
3187495931,2021,3
3187495931,2022,3
3187495931,2023,1
3542281960,2019,2
3542281960,2020,2
3542281960,2021,5
3542281960,2022,2
3542281960,2023,5
7950135400,2019,1
7950135400,2020,2
7950135400,2021,2
7950135400,2022,8
7950135400,2023,2
9386890803,2019,1587
9386890803,2020,2233
9386890803,2021,1055
9386890803,2022,4112
9386890803,2023,1603
8917615583,2019,21
8917615583,2020,38
8917615583,2021,40
8917615583,2022,48
8917615583,2023,38
4009785045,2019,5
4009785045,2020,8
4009785045,2021,8
4009785045,2022,8
4009785045,2023,10
5394733940,2019,9
5394733940,2020,10
5394733940,2021,9
5394733940,2022,3
5394733940,2023,3
3823541313,2019,9
3823541313,2020,10
3823541313,2021,8
3823541313,2022,9
3823541313,2023,10
8240849995,2019,10
8240849995,2020,4
8240849995,2021,9
8240849995,2022,6
8240849995,2023,4
8999214390,2019,3
8999214390,2020,3
8999214390,2021,1
8999214390,2022,1
8999214390,2023,2
4018687377,2019,158
4018687377,2020,147
4018687377,2021,72
4018687377,2022,113
4018687377,2023,198
4604345251,2019,2
4604345251,2020,3
4604345251,2021,3
4604345251,2022,4
4604345251,2023,2
7906552567,2019,8
7906552567,2020,5
7906552567,2021,2
7906552567,2022,1
7906552567,2023,1
6909279015,2019,8
6909279015,2020,4
6909279015,2021,2
6909279015,2022,8
6909279015,2023,9
5955486192,2019,5
5955486192,2020,7
5955486192,2021,6
5955486192,2022,7
5955486192,2023,3
2963410702,2019,9
2963410702,2020,4
2963410702,2021,4
2963410702,2022,7
2963410702,2023,2
1366306535,2019,3
1366306535,2020,10
1366306535,2021,2
1366306535,2022,4
1366306535,2023,3
2847070480,2019,5
2847070480,2020,1
2847070480,2021,2
2847070480,2022,3
2847070480,2023,3
4573286167,2019,73
4573286167,2020,45
4573286167,2021,37
4573286167,2022,59
4573286167,2023,54
4492471564,2019,2
4492471564,2020,3
4492471564,2021,1
4492471564,2022,6
4492471564,2023,1
2799851225,2019,122
2799851225,2020,51
2799851225,2021,84
2799851225,2022,159
2799851225,2023,169
5282900838,2019,1
5282900838,2020,6
5282900838,2021,9
5282900838,2022,10
5282900838,2023,1
8949030164,2019,77
8949030164,2020,27
8949030164,2021,49
8949030164,2022,28
8949030164,2023,100
3388560781,2019,3
3388560781,2020,2
3388560781,2021,1
3388560781,2022,3
3388560781,2023,2
3315223908,2019,14
3315223908,2020,20
3315223908,2021,16
3315223908,2022,28
3315223908,2023,17
4369177720,2019,2
4369177720,2020,5
4369177720,2021,4
4369177720,2022,1
4369177720,2023,1
9511933440,2019,93
9511933440,2020,48
9511933440,2021,89
9511933440,2022,63
9511933440,2023,59
7480358133,2019,5
7480358133,2020,4
7480358133,2021,1
7480358133,2022,1
7480358133,2023,2
3035976573,2019,5
3035976573,2020,15
3035976573,2021,14
3035976573,2022,9
3035976573,2023,9
3537250393,2019,10
3537250393,2020,7
3537250393,2021,2
3537250393,2022,4
3537250393,2023,7
4016138373,2019,52
4016138373,2020,27
4016138373,2021,30
4016138373,2022,20
4016138373,2023,100
1719191864,2019,6
1719191864,2020,1
1719191864,2021,5
1719191864,2022,10
1719191864,2023,7
7428322583,2019,103
7428322583,2020,97
7428322583,2021,145
7428322583,2022,96
7428322583,2023,91
2204166044,2019,2
2204166044,2020,3
2204166044,2021,7
2204166044,2022,7
2204166044,2023,8
3524181200,2019,77
3524181200,2020,81
3524181200,2021,55
3524181200,2022,44
3524181200,2023,55
8662483690,2019,7
8662483690,2020,4
8662483690,2021,4
8662483690,2022,5
8662483690,2023,9
7458567962,2019,5
7458567962,2020,1
7458567962,2021,5
7458567962,2022,2
7458567962,2023,4
5566415760,2019,27
5566415760,2020,50
5566415760,2021,43
5566415760,2022,40
5566415760,2023,36
4599129597,2019,1411
4599129597,2020,975
4599129597,2021,569
4599129597,2022,1786
4599129597,2023,1232
6632336584,2019,1
6632336584,2020,4
6632336584,2021,5
6632336584,2022,5
6632336584,2023,1
8033031579,2019,42
8033031579,2020,28
8033031579,2021,33
8033031579,2022,30
8033031579,2023,22
5668130030,2019,18
5668130030,2020,16
5668130030,2021,28
5668130030,2022,20
5668130030,2023,19
2152399184,2019,9
2152399184,2020,7
2152399184,2021,5
2152399184,2022,6
2152399184,2023,6
1487700293,2019,1724
1487700293,2020,527
1487700293,2021,1642
1487700293,2022,1922
1487700293,2023,872
4758446311,2019,51
4758446311,2020,39
4758446311,2021,68
4758446311,2022,70
4758446311,2023,90
5647836424,2019,20
5647836424,2020,11
5647836424,2021,11
5647836424,2022,12
5647836424,2023,13
8614800200,2019,5
8614800200,2020,10
8614800200,2021,8
8614800200,2022,3
8614800200,2023,7
5587486592,2019,79
5587486592,2020,53
5587486592,2021,20
5587486592,2022,56
5587486592,2023,36
3520207111,2019,52
3520207111,2020,190
3520207111,2021,194
3520207111,2022,196
3520207111,2023,127
7335701231,2019,10
7335701231,2020,6
7335701231,2021,8
7335701231,2022,1
7335701231,2023,5
7366342155,2019,5
7366342155,2020,4
7366342155,2021,5
7366342155,2022,3
7366342155,2023,4
9682987315,2019,3
9682987315,2020,9
9682987315,2021,6
9682987315,2022,7
9682987315,2023,6
9549524404,2019,1952
9549524404,2020,1729
9549524404,2021,1543
9549524404,2022,1635
9549524404,2023,1485
4546393091,2019,4
4546393091,2020,4
4546393091,2021,4
4546393091,2022,5
4546393091,2023,4
8058648808,2019,4
8058648808,2020,3
8058648808,2021,1
8058648808,2022,10
8058648808,2023,4
5193394889,2019,6
5193394889,2020,3
5193394889,2021,9
5193394889,2022,1
5193394889,2023,9
4921181995,2019,1571
4921181995,2020,1192
4921181995,2021,1040
4921181995,2022,819
4921181995,2023,931
3455471674,2019,4
3455471674,2020,9
3455471674,2021,10
3455471674,2022,2
3455471674,2023,6
7051020713,2019,20
7051020713,2020,6
7051020713,2021,9
7051020713,2022,14
7051020713,2023,12
5563217710,2019,8
5563217710,2020,10
5563217710,2021,2
5563217710,2022,7
5563217710,2023,8
7960317726,2019,2
7960317726,2020,1
7960317726,2021,1
7960317726,2022,8
7960317726,2023,3
1766041268,2019,3
1766041268,2020,5
1766041268,2021,1
1766041268,2022,2
1766041268,2023,4
5711113269,2019,3
5711113269,2020,2
5711113269,2021,5
5711113269,2022,1
5711113269,2023,2
9484535768,2019,1
9484535768,2020,9
9484535768,2021,5
9484535768,2022,3
9484535768,2023,1
1634291695,2019,33
1634291695,2020,47
1634291695,2021,29
1634291695,2022,50
1634291695,2023,30
8390144964,2019,6
8390144964,2020,2
8390144964,2021,4
8390144964,2022,6
8390144964,2023,8
1602714400,2019,35
1602714400,2020,44
1602714400,2021,37
1602714400,2022,32
1602714400,2023,49
2934223355,2019,45
2934223355,2020,42
2934223355,2021,32
2934223355,2022,36
2934223355,2023,26
3740804283,2019,7
3740804283,2020,8
3740804283,2021,5
3740804283,2022,2
3740804283,2023,2
7741120328,2019,32
7741120328,2020,30
7741120328,2021,37
7741120328,2022,30
7741120328,2023,35
8616854821,2019,2
8616854821,2020,2
8616854821,2021,6
8616854821,2022,2
8616854821,2023,2
6031171010,2019,4
6031171010,2020,5
6031171010,2021,5
6031171010,2022,2
6031171010,2023,2
1207554047,2019,26
1207554047,2020,70
1207554047,2021,37
1207554047,2022,68
1207554047,2023,52
6900453519,2019,3
6900453519,2020,9
6900453519,2021,10
6900453519,2022,8
6900453519,2023,1
4638545043,2019,4
4638545043,2020,6
4638545043,2021,5
4638545043,2022,9
4638545043,2023,1
9175343199,2019,4
9175343199,2020,4
9175343199,2021,10
9175343199,2022,1
9175343199,2023,9
2806860554,2019,5
2806860554,2020,2
2806860554,2021,3
2806860554,2022,4
2806860554,2023,4
9221661350,2019,60
9221661350,2020,36
9221661350,2021,28
9221661350,2022,33
9221661350,2023,72
2607972283,2019,4
2607972283,2020,8
2607972283,2021,8
2607972283,2022,1
2607972283,2023,2
6945576540,2019,1946
6945576540,2020,1742
6945576540,2021,1323
6945576540,2022,1033
6945576540,2023,1177
4798633356,2019,5
4798633356,2020,5
4798633356,2021,6
4798633356,2022,8
4798633356,2023,3
5040528987,2019,5
5040528987,2020,15
5040528987,2021,14
5040528987,2022,8
5040528987,2023,9
6928658020,2019,9
6928658020,2020,6
6928658020,2021,13
6928658020,2022,9
6928658020,2023,5
7710860071,2019,584
7710860071,2020,838
7710860071,2021,894
7710860071,2022,522
7710860071,2023,502
4007342010,2019,10
4007342010,2020,2
4007342010,2021,2
4007342010,2022,6
4007342010,2023,3
2146092644,2019,6
2146092644,2020,6
2146092644,2021,7
2146092644,2022,4
2146092644,2023,8
8547290457,2019,41
8547290457,2020,22
8547290457,2021,43
8547290457,2022,43
8547290457,2023,39
5930126739,2019,1
5930126739,2020,1
5930126739,2021,3
5930126739,2022,3
5930126739,2023,1
7385308347,2019,4
7385308347,2020,10
7385308347,2021,7
7385308347,2022,5
7385308347,2023,3
3193598705,2019,2
3193598705,2020,5
3193598705,2021,10
3193598705,2022,8
3193598705,2023,6
9518300779,2019,2
9518300779,2020,3
9518300779,2021,1
9518300779,2022,4
9518300779,2023,5
6818369849,2019,2
6818369849,2020,9
6818369849,2021,1
6818369849,2022,2
6818369849,2023,5
5204377407,2019,6
5204377407,2020,5
5204377407,2021,7
5204377407,2022,7
5204377407,2023,6
5194329945,2019,1737
5194329945,2020,818
5194329945,2021,1452
5194329945,2022,1950
5194329945,2023,1143
7508803440,2019,80
7508803440,2020,90
7508803440,2021,92
7508803440,2022,20
7508803440,2023,65
3112765152,2019,17
3112765152,2020,37
3112765152,2021,24
3112765152,2022,44
3112765152,2023,10
3029827520,2019,3
3029827520,2020,2
3029827520,2021,2
3029827520,2022,5
3029827520,2023,4
6745989640,2019,7
6745989640,2020,6
6745989640,2021,1
6745989640,2022,4
6745989640,2023,8
1863509442,2019,37
1863509442,2020,38
1863509442,2021,49
1863509442,2022,40
1863509442,2023,37
3861957333,2019,247
3861957333,2020,186
3861957333,2021,97
3861957333,2022,205
3861957333,2023,81
9408039529,2019,5
9408039529,2020,5
9408039529,2021,3
9408039529,2022,2
9408039529,2023,4
2463080085,2019,92
2463080085,2020,117
2463080085,2021,125
2463080085,2022,161
2463080085,2023,65
5148374672,2019,83
5148374672,2020,82
5148374672,2021,198
5148374672,2022,162
5148374672,2023,113
4857133480,2019,88
4857133480,2020,177
4857133480,2021,99
4857133480,2022,145
4857133480,2023,198
1872665824,2019,6
1872665824,2020,4
1872665824,2021,3
1872665824,2022,2
1872665824,2023,1
1433462785,2019,41
1433462785,2020,86
1433462785,2021,30
1433462785,2022,71
1433462785,2023,47
9131188351,2019,188
9131188351,2020,177
9131188351,2021,110
9131188351,2022,51
9131188351,2023,160
3189389016,2019,4
3189389016,2020,4
3189389016,2021,5
3189389016,2022,5
3189389016,2023,5
9191143702,2019,5
9191143702,2020,9
9191143702,2021,9
9191143702,2022,9
9191143702,2023,2
9132352405,2019,2
9132352405,2020,1
9132352405,2021,5
9132352405,2022,4
9132352405,2023,4
7868503091,2019,30
7868503091,2020,32
7868503091,2021,26
7868503091,2022,50
7868503091,2023,33
7707486458,2019,42
7707486458,2020,50
7707486458,2021,47
7707486458,2022,36
7707486458,2023,20
1199793421,2019,10
1199793421,2020,5
1199793421,2021,8
1199793421,2022,2
1199793421,2023,1
4020738517,2019,77
4020738517,2020,52
4020738517,2021,83
4020738517,2022,29
4020738517,2023,96
2514742412,2019,2
2514742412,2020,2
2514742412,2021,4
2514742412,2022,1
2514742412,2023,7
2456161550,2019,4
2456161550,2020,3
2456161550,2021,1
2456161550,2022,4
2456161550,2023,4
3828290153,2019,8
3828290153,2020,5
3828290153,2021,9
3828290153,2022,5
3828290153,2023,8
2244157026,2019,9
2244157026,2020,4
2244157026,2021,7
2244157026,2022,4
2244157026,2023,4
8303994187,2019,21
8303994187,2020,48
8303994187,2021,45
8303994187,2022,31
8303994187,2023,22
2224568810,2019,114
2224568810,2020,56
2224568810,2021,126
2224568810,2022,83
2224568810,2023,90
9578890885,2019,5
9578890885,2020,2
9578890885,2021,4
9578890885,2022,4
9578890885,2023,2
2495497239,2019,46
2495497239,2020,26
2495497239,2021,31
2495497239,2022,42
2495497239,2023,44
1352300703,2019,75
1352300703,2020,99
1352300703,2021,86
1352300703,2022,95
1352300703,2023,40
3831399424,2019,160
3831399424,2020,152
3831399424,2021,142
3831399424,2022,95
3831399424,2023,69
8256010820,2019,9
8256010820,2020,5
8256010820,2021,5
8256010820,2022,5
8256010820,2023,6
2001015521,2019,2
2001015521,2020,3
2001015521,2021,5
2001015521,2022,5
2001015521,2023,3
6172484718,2019,45
6172484718,2020,63
6172484718,2021,77
6172484718,2022,49
6172484718,2023,87
7164308727,2019,2
7164308727,2020,8
7164308727,2021,2
7164308727,2022,1
7164308727,2023,7
5492270002,2019,2
5492270002,2020,10
5492270002,2021,1
5492270002,2022,2
5492270002,2023,2
7102900882,2019,6
7102900882,2020,6
7102900882,2021,3
7102900882,2022,8
7102900882,2023,7
3387286746,2019,6
3387286746,2020,8
3387286746,2021,9
3387286746,2022,5
3387286746,2023,7
1568273300,2019,27
1568273300,2020,12
1568273300,2021,25
1568273300,2022,10
1568273300,2023,19
1717564672,2019,4
1717564672,2020,8
1717564672,2021,5
1717564672,2022,2
1717564672,2023,9
9722454161,2019,1
9722454161,2020,3
9722454161,2021,4
9722454161,2022,10
9722454161,2023,6
1984050732,2019,3
1984050732,2020,9
1984050732,2021,10
1984050732,2022,8
1984050732,2023,3
3308168867,2019,10
3308168867,2020,9
3308168867,2021,8
3308168867,2022,9
3308168867,2023,6
4735894912,2019,10
4735894912,2020,8
4735894912,2021,8
4735894912,2022,1
4735894912,2023,2
3299116500,2019,2
3299116500,2020,1
3299116500,2021,9
3299116500,2022,6
3299116500,2023,8
4068431076,2019,1
4068431076,2020,9
4068431076,2021,5
4068431076,2022,9
4068431076,2023,6
9955996974,2019,22
9955996974,2020,50
9955996974,2021,31
9955996974,2022,43
9955996974,2023,49
1621229447,2019,47
1621229447,2020,56
1621229447,2021,53
1621229447,2022,55
1621229447,2023,29
7183778882,2019,4
7183778882,2020,3
7183778882,2021,2
7183778882,2022,2
7183778882,2023,5
7105761772,2019,105
7105761772,2020,55
7105761772,2021,180
7105761772,2022,177
7105761772,2023,195
3687056317,2019,3
3687056317,2020,1
3687056317,2021,2
3687056317,2022,4
3687056317,2023,3
8673493561,2019,28
8673493561,2020,20
8673493561,2021,31
8673493561,2022,41
8673493561,2023,48
5651814829,2019,20
5651814829,2020,75
5651814829,2021,90
5651814829,2022,71
5651814829,2023,34
9011488103,2019,6
9011488103,2020,4
9011488103,2021,2
9011488103,2022,10
9011488103,2023,10
3489211998,2019,40
3489211998,2020,44
3489211998,2021,31
3489211998,2022,39
3489211998,2023,38
2566381417,2019,4
2566381417,2020,10
2566381417,2021,6
2566381417,2022,4
2566381417,2023,5
2742637606,2019,7
2742637606,2020,1
2742637606,2021,7
2742637606,2022,9
2742637606,2023,3
1069248951,2019,7
1069248951,2020,7
1069248951,2021,3
1069248951,2022,8
1069248951,2023,6
2915993852,2019,32
2915993852,2020,99
2915993852,2021,84
2915993852,2022,54
2915993852,2023,100
9040986159,2019,38
9040986159,2020,22
9040986159,2021,46
9040986159,2022,43
9040986159,2023,29
5006659420,2019,9
5006659420,2020,10
5006659420,2021,2
5006659420,2022,3
5006659420,2023,2
7148456014,2019,166
7148456014,2020,141
7148456014,2021,66
7148456014,2022,155
7148456014,2023,174
5072811824,2019,48
5072811824,2020,45
5072811824,2021,21
5072811824,2022,21
5072811824,2023,27
4150439244,2019,117
4150439244,2020,157
4150439244,2021,196
4150439244,2022,80
4150439244,2023,101
6334910569,2019,5
6334910569,2020,9
6334910569,2021,5
6334910569,2022,2
6334910569,2023,10
4500305355,2019,2
4500305355,2020,5
4500305355,2021,4
4500305355,2022,1
4500305355,2023,4
5136445854,2019,45
5136445854,2020,34
5136445854,2021,26
5136445854,2022,47
5136445854,2023,46
8728964119,2019,2
8728964119,2020,4
8728964119,2021,1
8728964119,2022,3
8728964119,2023,4
5122609342,2019,7
5122609342,2020,7
5122609342,2021,2
5122609342,2022,3
5122609342,2023,8
6109364217,2019,6
6109364217,2020,5
6109364217,2021,2
6109364217,2022,7
6109364217,2023,8
7731692936,2019,55
7731692936,2020,29
7731692936,2021,38
7731692936,2022,26
7731692936,2023,86
1666218360,2019,1
1666218360,2020,3
1666218360,2021,2
1666218360,2022,5
1666218360,2023,4
1911398095,2019,1
1911398095,2020,2
1911398095,2021,2
1911398095,2022,4
1911398095,2023,5
4791648658,2019,8
4791648658,2020,3
4791648658,2021,1
4791648658,2022,2
4791648658,2023,2
9702307647,2019,9
9702307647,2020,3
9702307647,2021,6
9702307647,2022,5
9702307647,2023,8
6115710500,2019,10
6115710500,2020,3
6115710500,2021,3
6115710500,2022,3
6115710500,2023,4
3668271415,2019,1
3668271415,2020,4
3668271415,2021,3
3668271415,2022,3
3668271415,2023,2
6907438062,2019,98
6907438062,2020,77
6907438062,2021,34
6907438062,2022,52
6907438062,2023,90
3198145138,2019,3
3198145138,2020,2
3198145138,2021,2
3198145138,2022,5
3198145138,2023,5
9114132821,2019,10
9114132821,2020,1
9114132821,2021,8
9114132821,2022,4
9114132821,2023,5
3681084544,2019,4
3681084544,2020,7
3681084544,2021,6
3681084544,2022,2
3681084544,2023,6
7003390812,2019,6
7003390812,2020,4
7003390812,2021,1
7003390812,2022,2
7003390812,2023,5
4562152057,2019,3
4562152057,2020,8
4562152057,2021,5
4562152057,2022,2
4562152057,2023,5
5888767530,2019,22
5888767530,2020,39
5888767530,2021,37
5888767530,2022,29
5888767530,2023,20
7892388845,2019,49
7892388845,2020,48
7892388845,2021,21
7892388845,2022,28
7892388845,2023,46
5899233132,2019,8
5899233132,2020,4
5899233132,2021,1
5899233132,2022,6
5899233132,2023,8
7100566189,2019,42
7100566189,2020,39
7100566189,2021,48
7100566189,2022,37
7100566189,2023,20
1285571175,2019,7
1285571175,2020,15
1285571175,2021,15
1285571175,2022,5
1285571175,2023,15
6701054271,2019,38
6701054271,2020,25
6701054271,2021,20
6701054271,2022,11
6701054271,2023,38
6109599688,2019,4196
6109599688,2020,4149
6109599688,2021,3936
6109599688,2022,4217
6109599688,2023,897
8177559851,2019,1
8177559851,2020,1
8177559851,2021,4
8177559851,2022,3
8177559851,2023,4
5588191303,2019,1
5588191303,2020,1
5588191303,2021,5
5588191303,2022,2
5588191303,2023,3
9449472513,2019,82
9449472513,2020,74
9449472513,2021,99
9449472513,2022,64
9449472513,2023,97
8300771067,2019,78
8300771067,2020,69
8300771067,2021,96
8300771067,2022,52
8300771067,2023,193
1359769516,2019,4
1359769516,2020,1
1359769516,2021,4
1359769516,2022,1
1359769516,2023,4
4922963672,2019,4
4922963672,2020,1
4922963672,2021,9
4922963672,2022,6
4922963672,2023,6
5533548660,2019,141
5533548660,2020,133
5533548660,2021,188
5533548660,2022,179
5533548660,2023,143
8301881196,2019,184
8301881196,2020,61
8301881196,2021,156
8301881196,2022,244
8301881196,2023,188
2133260191,2019,2
2133260191,2020,1
2133260191,2021,5
2133260191,2022,5
2133260191,2023,3
9817876867,2019,3
9817876867,2020,1
9817876867,2021,1
9817876867,2022,2
9817876867,2023,4
8737265592,2019,77
8737265592,2020,68
8737265592,2021,92
8737265592,2022,96
8737265592,2023,47
4884471984,2019,8
4884471984,2020,1
4884471984,2021,5
4884471984,2022,2
4884471984,2023,7
5439003033,2019,12
5439003033,2020,9
5439003033,2021,13
5439003033,2022,12
5439003033,2023,13
