"form_id","party_role_id","create_dttm"
d4330720-84d2-4de5-a215-ecde43496070,"2fd2e7c8-00ba-4165-9a9f-11e5a5941c9e",2024-07-25 12:54:46.000 +0300
"5c8c870e-dc07-4d82-8cd9-98781a46aa9c",bb049d31-d4b0-4b77-b351-29419c64d023,2024-07-25 10:48:58.000 +0300
"6324bb37-c53c-4e81-96e1-91421dd468c6","5b628312-3881-49a5-a6c5-1d0d8fe99b9b",2024-07-23 15:36:10.000 +0300
"14cd8d02-69ae-459c-af24-12e3bd595c8d","2fd2e7c8-00ba-4165-9a9f-11e5a5941c9e",2024-07-23 12:32:12.000 +0300
b6fbcd4e-36f6-440b-96ae-6f6101a03d97,"2ae7441e-d27a-4b67-8b2e-8a7049723bbc",2024-07-23 11:16:30.000 +0300
"6b2ab5cf-8334-4502-bfaf-e2899221cd8f","9d73c63d-9853-41a5-bcdb-e2768ddc2c79",2024-07-23 10:29:48.000 +0300
"5988c178-0cf3-465c-8cbb-a1e1547ac5a8",de5f69eb-132c-4d3e-957d-fdd53bab166c,2024-07-22 14:26:02.000 +0300
"7371629c-218d-42bc-bdc5-7c8d83b553b3","59ab9ab7-4f4f-4abd-b806-ba526d69b71a",2024-07-22 13:17:44.000 +0300
db27e3a2-23b4-4dc0-a140-5ad775c73f72,"2ae7441e-d27a-4b67-8b2e-8a7049723bbc",2024-07-22 13:01:16.000 +0300
"89bae96a-4611-4ada-ae9c-1ea330f5a2a6","2ae7441e-d27a-4b67-8b2e-8a7049723bbc",2024-07-22 12:58:13.000 +0300
"984d821d-eb73-4d24-b887-c1da65d6bb8e","9125efbf-661d-4c35-95d7-b86c0882a77e",2024-07-22 12:35:03.000 +0300
ef06a310-287c-4a7d-a4a5-1363ace56d1f,a522e87f-e71d-4571-8653-89514debc07f,2024-07-22 11:34:27.000 +0300
"1536414f-367e-46a4-808c-e972600ee6b5",a522e87f-e71d-4571-8653-89514debc07f,2024-07-22 11:27:44.000 +0300
"050de9f5-2d45-41ae-8c19-7d20acc82980","359cbba7-8e0a-484d-8770-5cf6a114b5eb",2024-06-08 19:10:50.000 +0300
d91e5495-012c-4e0b-b8d6-f20d39132327,"9a20d693-99b1-4c70-9df3-44a27ff04b41",2024-06-06 14:24:45.000 +0300
"06911650-6161-470f-b6f0-d0560ff1c19a",user-user-user-ind-party-role-36char,2024-05-15 15:16:38.000 +0300
dce1e5cb-3a30-499a-a728-950510d068bb,d366a3a3-22df-442c-b7dc-7bf9033c2892,2024-05-10 12:13:28.000 +0300
d7c53ab2-3ee0-43e9-a738-25da05f4a408,"2ae7441e-d27a-4b67-8b2e-8a7049723bbc",2024-05-10 10:14:53.000 +0300
fe44531d-410f-47da-bba7-4ee448ef7bf4,user-user-user-ind-party-role-36char,2024-04-25 16:25:02.000 +0300
f6be7664-3487-4370-9ac1-aee5cb7d0276,user-user-user-ind-party-role-36char,2024-04-25 10:54:59.000 +0300
"1bcb826c-02ca-4669-b191-0e196d19d8ff",user-user-user-ind-party-role-36char,2024-04-25 10:52:04.000 +0300
"8259ea20-3ae6-4a47-9b14-0aa6970673c8",user-user-user-ind-party-role-36char,2024-04-24 15:54:25.000 +0300
c3bc5240-9cb5-4af4-b393-511f2783f2ac,user-user-user-ind-party-role-36char,2024-04-24 15:26:12.000 +0300
f0e79e3b-96d8-4e83-bbd6-592a02fe69de,user-user-user-ind-party-role-36char,2024-04-24 13:57:22.000 +0300
"295aa4dc-24a7-49ed-bae0-a2cb1119d520","7fdf003c-7402-4e7e-af09-538d3c9db472",2024-04-23 13:34:15.000 +0300
"88591d72-5067-4e82-b708-ebb0d37dcaa1","9569eab7-30ed-457c-8cda-0114e9f8114d",2024-04-23 10:47:52.000 +0300
"8594760b-b937-433e-8ec0-e7aacd37fd41","2ae7441e-d27a-4b67-8b2e-8a7049723bbc",2024-04-23 10:44:20.000 +0300
"25bc4011-1a85-4cf7-bef1-588bf3928112","2ae7441e-d27a-4b67-8b2e-8a7049723bbc",2024-04-23 10:41:30.000 +0300
"8c2501bc-0c40-48fc-9fe8-ab95dc6ef354","2ae7441e-d27a-4b67-8b2e-8a7049723bbc",2024-04-23 10:33:59.000 +0300
"6bf7114d-7d86-436d-b60e-cf1a46b15a09",f42c8943-073c-4a5e-beb6-e64f78316e36,2024-04-09 21:00:07.000 +0300
"5d267aa3-c44b-4d19-b21e-baa1eaf22aa1","97834df7-e258-42f9-badc-dfd0538657fb",2024-03-22 15:22:06.000 +0200
d4d53764-7b86-4a92-9c50-3937fb67b00e,"2c07a069-8d14-4326-b28d-e888b0f17d66",2024-03-21 17:39:09.778 +0200
a6920f1c-11a9-4a9b-9a66-020938ea9a30,f3b37273-98e7-488e-9d5f-069bcd4e46de,2024-03-21 15:40:10.000 +0200
c6971ab9-a1d7-4797-82bc-319520780544,"13f8b5e3-9b83-4be0-aa3c-16d8ac6afee9",2024-03-05 15:36:51.000 +0200
"23d10267-ed87-459b-b815-016f162ca62d","15b44ce3-128e-4d1b-8097-e4a1b75c2025",2024-02-16 16:46:45.632 +0200
b4d51eee-2350-4391-b038-3526220d23ca,"1097cef1-2e8d-4633-91c6-826b2eed0835",2024-02-13 15:28:15.893 +0200
"8f637ff3-c8be-49ca-9f6b-45979ed507e4",d366a3a3-22df-442c-b7dc-7bf9033c2892,2024-02-12 11:16:22.000 +0200
"263febd3-02f5-4112-bcd6-23f2825a506a","95ca2f1c-2bbd-4d3a-b867-965461641f5d",2024-02-09 15:15:48.000 +0200
"379c926a-0113-4232-9a4c-aec9a96d1ebc","95ca2f1c-2bbd-4d3a-b867-965461641f5d",2024-02-09 14:46:55.000 +0200
"8335843b-38d2-4b0a-b37c-2d89f7cbcad4","63e814ad-ea5b-48ba-88f0-67e029c31f3f",2024-02-09 13:10:08.000 +0200
"2f47f23e-4048-4c50-b432-9fc2ca155a53","67cc848c-3e2d-4cb1-b166-1f3b062a962a",2024-02-09 09:26:36.000 +0200
"097feb4d-1da6-43b0-aeef-63592573f71b","5bca3389-9cc7-4d55-aa6b-63c5a56e8c51",2024-02-08 17:17:23.000 +0200
"88959190-f498-4ba8-addb-5567d1bb3fbe","39735152-69c3-4e7e-b9d6-f412c11b0b31",2024-02-08 14:14:11.000 +0200
fbf544f8-98b7-4cfb-8661-d9f2405c8580,"39735152-69c3-4e7e-b9d6-f412c11b0b31",2024-02-08 14:08:51.000 +0200
"4ee2f78e-eec2-4033-b023-81523e022b6d","39735152-69c3-4e7e-b9d6-f412c11b0b31",2024-02-08 14:05:08.000 +0200
c5b87b9f-148e-4866-956b-e08375dc77fc,"7fdf003c-7402-4e7e-af09-538d3c9db472",2024-02-08 13:17:51.000 +0200
d29c88c5-af38-4758-9b2b-3448f2e8bc22,"53ded35b-6f46-41c9-b79d-c9b8b2dd544e",2024-02-05 19:25:16.000 +0200
"0a2f1601-5d17-4d9e-a4df-ed0697b024a1","53ded35b-6f46-41c9-b79d-c9b8b2dd544e",2024-02-05 19:17:10.000 +0200
b0421ae5-926b-4756-bbef-0fcfc7dc33c0,"749ae329-bf37-43bc-909f-7363bffa10bc",2024-02-05 19:01:52.000 +0200
"0f871aaf-f2ca-4157-9b9a-26199ebe4228","749ae329-bf37-43bc-909f-7363bffa10bc",2024-02-05 18:42:38.000 +0200
"8b41bd84-5cb1-473f-acd1-5b0d67b4bb0f","9a20d693-99b1-4c70-9df3-44a27ff04b41",2024-01-30 14:55:23.000 +0200
"32221f8e-230f-4b4f-8e23-419eff10f2b2","9a20d693-99b1-4c70-9df3-44a27ff04b41",2024-01-30 14:06:53.000 +0200
a288d9b0-3dd2-4ead-b2e7-9d8460d7f9e5,"9a20d693-99b1-4c70-9df3-44a27ff04b41",2024-01-30 13:53:49.000 +0200
cfd1c64a-fa0b-4ece-bd41-3ab4321ae090,"6f5cf337-bf72-4124-a6d0-8bd67a8a22ae",2024-01-29 22:12:05.000 +0200
"2065eca5-e3e4-41df-b769-19ee4049f801","9a20d693-99b1-4c70-9df3-44a27ff04b41",2024-01-29 16:09:48.000 +0200
e607065d-01ff-41dd-90bb-3cb976fd41ad,"5367c9ce-22dc-42ac-b7f6-56b0ec01d393",2024-01-25 17:28:28.000 +0200
abf2db27-9704-4eff-aa38-0eb32e9967a3,cbbf1977-a339-4f65-b0ee-91329ce5b19c,2024-01-24 23:36:33.000 +0200
"5d9dbfce-368b-457c-b104-3465561eb018",cbbf1977-a339-4f65-b0ee-91329ce5b19c,2024-01-24 22:18:23.000 +0200
"5cef58d2-acfb-4961-b73c-45d30a8c3bd6",cbbf1977-a339-4f65-b0ee-91329ce5b19c,2024-01-24 21:57:16.000 +0200
"35ef60ca-1c5c-41d6-aead-3c7cd5d6bb45",cdb55f0c-33f9-4660-9248-7042d4c892e5,2024-01-24 13:16:20.000 +0200
"2b89953c-995b-4af2-8584-2b63869c8a5c",cdb55f0c-33f9-4660-9248-7042d4c892e5,2024-01-23 19:48:54.000 +0200
c2f08a38-751f-4b11-af46-11a867456e26,cdb55f0c-33f9-4660-9248-7042d4c892e5,2024-01-22 17:31:38.000 +0200
"12fd91f6-306f-49ea-b838-b1563962f99a",cdb55f0c-33f9-4660-9248-7042d4c892e5,2024-01-22 15:25:15.000 +0200
"3394018d-0d92-4783-83f0-12f73b5867f9","5b628312-3881-49a5-a6c5-1d0d8fe99b9b",2024-01-17 11:26:57.000 +0200
"6873f20b-5fd5-49ff-aea4-68e2def085db","13f8b5e3-9b83-4be0-aa3c-16d8ac6afee9",2024-01-17 11:24:10.000 +0200
"595531a7-e583-4acd-ae55-2973383d721d","77fc87d9-afeb-42dc-a146-3b6450c7b296",2024-01-10 17:27:47.670 +0200
f3c5fda9-ceaa-41ad-a59a-a3b721372dda,"99c8a659-fa19-4816-b936-ec8a086c6e1c",2024-01-10 17:19:48.917 +0200
"4a2ec101-02d2-4a40-8d6c-b347f5c48399","5c0d9ca9-5fcc-42ca-bb3a-23626e3dbef5",2024-01-08 13:45:10.802 +0200
"7d532315-65d6-40a1-b49f-1dabbe1711ba","74ba12f2-d82d-4711-b43e-fb1257a33886",2024-01-05 17:27:01.170 +0200
"6001eb28-a9a8-4a8e-addb-e26c618605cc",d366a3a3-22df-442c-b7dc-7bf9033c2892,2024-01-02 12:28:54.000 +0200
c1d6183e-9fcd-4adb-9d11-df1cfbb6c57b,d366a3a3-22df-442c-b7dc-7bf9033c2892,2023-12-29 14:44:42.000 +0200
c4a5448c-a1c3-4087-9982-583029dba224,"6f7c523d-f564-422f-b69a-aa14ff844b31",2023-12-14 18:49:42.000 +0200
"87da3f2d-3ae7-4596-8ecc-678eb099b923","4bf8e262-defd-4eba-ab82-f466031804e5",2023-12-14 18:41:56.000 +0200
e0bb5338-3aa9-447a-902f-8d1660ae1052,"6f7c523d-f564-422f-b69a-aa14ff844b31",2023-12-13 11:45:28.000 +0200
"8e7e4f5d-5770-4f2f-ae98-752d490b6e95","95ca2f1c-2bbd-4d3a-b867-965461641f5d",2023-12-12 10:37:11.000 +0200
"3acfa130-900b-4209-bf62-baca9da0ee43","0fb295e1-df27-47eb-856a-495769131dec",2023-12-11 17:18:24.000 +0200
fae55553-9a28-4419-88d4-22cf8abd8fa1,"95ca2f1c-2bbd-4d3a-b867-965461641f5d",2023-12-11 15:37:33.000 +0200
"2b0c9670-0d46-4db8-b68c-c8c500f61712","49800efe-d0e5-4148-81b1-0d3cb0569a22",2023-12-11 12:47:14.000 +0200
c3f3f6b4-a57b-40f9-bc9f-6b93395686db,"49800efe-d0e5-4148-81b1-0d3cb0569a22",2023-12-11 12:37:47.000 +0200
e79130ea-0b85-433e-bfd3-9328733f5527,"95ca2f1c-2bbd-4d3a-b867-965461641f5d",2023-12-11 11:50:58.000 +0200
"114b8ec5-f12e-465c-811c-cc7bf271550f",a28be66c-381a-400b-aba6-575556d49f91,2023-10-24 17:42:50.000 +0300
"8f152f3b-5286-4d9e-9bff-336747ddf718",a28be66c-381a-400b-aba6-575556d49f91,2023-10-24 15:08:46.000 +0300
"5ff62a22-cb8f-41b8-bd31-378b2b25ed22",d366a3a3-22df-442c-b7dc-7bf9033c2892,2023-10-04 18:06:47.000 +0300
"547e85d0-b499-4abd-a9e7-188871d05e3f","39735152-69c3-4e7e-b9d6-f412c11b0b31",2023-10-02 12:47:05.000 +0300
d32639e6-640d-42a8-b695-b47700f76b38,"060c77f1-1fbd-4f3a-99af-4d004c5eaac0",2023-10-01 13:06:04.000 +0300
"68f072de-1062-4b92-95c1-b970248f9c41",d366a3a3-22df-442c-b7dc-7bf9033c2892,2023-10-01 12:47:07.000 +0300
ba2b2314-dd6a-40e9-b3d1-8b47319a5854,d366a3a3-22df-442c-b7dc-7bf9033c2892,2023-10-01 12:39:40.000 +0300
"62bd6f17-d732-495c-a924-55bcb5a0a5b9",d366a3a3-22df-442c-b7dc-7bf9033c2892,2023-10-01 12:14:54.000 +0300
"363a5bd2-f93c-483d-89df-9277de54fa0f",a28be66c-381a-400b-aba6-575556d49f91,2023-08-08 16:32:43.000 +0300
"9486905b-e581-4287-9fd6-71d9fca5ccaa",f3b37273-98e7-488e-9d5f-069bcd4e46de,2023-08-01 13:41:11.000 +0300
c6954f3d-332a-41cf-9edf-e673dfe6ccd1,f3b37273-98e7-488e-9d5f-069bcd4e46de,2023-08-01 12:24:53.000 +0300
"726945a3-a72a-4404-8361-95843b9cc8a9",f3b37273-98e7-488e-9d5f-069bcd4e46de,2023-08-01 10:44:39.000 +0300
b79a2ba8-b0e4-437c-96b2-d840eae8399b,f3b37273-98e7-488e-9d5f-069bcd4e46de,2023-07-31 08:48:41.000 +0300
"5df1ba48-6904-4241-9776-dde6145bdc11","9437eb64-ce38-4e3a-b8b8-e837973a61ff",2023-07-31 06:58:54.000 +0300
"58b39315-9e98-4267-a60e-ebd83f76f611","9437eb64-ce38-4e3a-b8b8-e837973a61ff",2023-07-30 12:13:04.000 +0300
"0ca1c2af-ec8d-41d9-b742-b036ba331c24","9437eb64-ce38-4e3a-b8b8-e837973a61ff",2023-07-28 11:38:14.000 +0300
e42ba173-a5f5-440e-aaae-513300374fca,"9437eb64-ce38-4e3a-b8b8-e837973a61ff",2023-07-28 10:07:51.000 +0300
d80f722f-083d-46f2-9a27-b35c741742af,"9437eb64-ce38-4e3a-b8b8-e837973a61ff",2023-07-27 16:56:36.000 +0300
c327ba0a-1b64-4e92-913d-e846b5580d92,"9437eb64-ce38-4e3a-b8b8-e837973a61ff",2023-07-27 15:49:53.000 +0300
"82d635fd-501e-478f-a035-f5d37c1da4dc","1f541371-df55-4203-a19e-51e83b656db8",2023-07-26 16:53:02.000 +0300
"9308c9a5-6230-4b71-8f17-4b0dbe9c8549",d366a3a3-22df-442c-b7dc-7bf9033c2892,2023-07-26 16:30:55.000 +0300
aa340e0e-da1e-4280-848f-664b4f740fd4,d366a3a3-22df-442c-b7dc-7bf9033c2892,2023-07-26 16:21:34.000 +0300
f2daff66-25f7-43a9-b555-b756a02c0030,"9cc43c4a-502d-470e-ac1b-8e4f58dfb3ff",2023-07-25 16:15:59.000 +0300
d3893385-09fd-4541-af87-e545b01f1bff,"7e5900ea-5eb0-454a-9814-3775c7cb917a",2023-07-19 10:51:02.000 +0300
"7db991e5-b67d-4e56-9d78-6cd0a066b33f","7e5900ea-5eb0-454a-9814-3775c7cb917a",2023-07-18 14:47:28.000 +0300
c6645031-faa3-4e94-b5cd-68083065f6d0,"164ddff3-c07e-4882-bb93-399d7c54c6e5",2023-07-18 13:48:20.000 +0300
"0dbffe59-8c06-4914-ae28-93b14ac175f0","155cf184-fb48-424c-ad97-36399adddf24",2023-07-18 12:59:44.000 +0300
fa34b3ae-a4a6-4fba-84cf-6856c186fc03,"0da1d83d-48c8-4335-8f3b-288a60b0746b",2023-07-18 12:54:37.000 +0300
"616e1128-071a-4f9b-9aab-684e40d668a3","164ddff3-c07e-4882-bb93-399d7c54c6e5",2023-07-18 09:38:18.000 +0300
"52d1c4da-cb4a-4f39-94a4-5a30e0040828","0da1d83d-48c8-4335-8f3b-288a60b0746b",2023-07-17 17:33:32.000 +0300
"1a0beddf-1fd7-477b-ad36-52b149b52eed","0da1d83d-48c8-4335-8f3b-288a60b0746b",2023-07-17 17:18:54.000 +0300
d4b8a07f-a36f-451b-ab75-ea07e3527cab,"164ddff3-c07e-4882-bb93-399d7c54c6e5",2023-07-17 16:25:59.000 +0300
"5bf15641-870f-47f4-a2f6-85dbf0f9c297","0da1d83d-48c8-4335-8f3b-288a60b0746b",2023-07-17 15:54:27.000 +0300
"281df43f-e7c4-4681-ac07-9d1e0fb42a3a","1f541371-df55-4203-a19e-51e83b656db8",2023-06-23 10:19:03.000 +0300
d444c3b4-cec9-45dd-88ce-de9c3be1af05,"9cc43c4a-502d-470e-ac1b-8e4f58dfb3ff",2023-05-16 12:54:52.000 +0300
d87af297-0152-43a7-b1f9-7147fc94746e,"52df8650-40bb-4953-b8db-514850f31702",2023-05-16 12:35:44.000 +0300
"53a0ebbc-4ce8-449c-a594-2d10d3a4e0a4",f3b37273-98e7-488e-9d5f-069bcd4e46de,2023-05-16 11:51:58.000 +0300
"677710c6-f85c-4762-beb1-61c5a4a8d7fa",f3b37273-98e7-488e-9d5f-069bcd4e46de,2023-05-16 08:58:07.000 +0300
"7bd20157-520d-404e-a292-263f4b3bfc8e","9cc43c4a-502d-470e-ac1b-8e4f58dfb3ff",2023-05-12 15:44:49.000 +0300
"081531f6-ee19-420d-b31c-7e9b2bb28a4e","9cc43c4a-502d-470e-ac1b-8e4f58dfb3ff",2023-05-11 11:59:41.000 +0300
"44741081-76b2-45e9-9329-5820e7fc9b92","52df8650-40bb-4953-b8db-514850f31702",2023-05-10 16:46:09.000 +0300
d7d23eb4-cd6d-4d17-92b2-50a60378c696,"52df8650-40bb-4953-b8db-514850f31702",2023-05-10 16:44:37.000 +0300
e6e57ca0-469b-419d-b2bd-601bcc02fd17,"80ead5aa-ef2c-471e-93bc-3fd3f77d174a",2023-05-10 15:29:55.000 +0300
"48e93659-f495-4b60-be13-1ef088a9b911","80ead5aa-ef2c-471e-93bc-3fd3f77d174a",2023-05-04 16:12:52.000 +0300
"3908e331-5b08-491c-ab99-39caf99350d9",a28be66c-381a-400b-aba6-575556d49f91,2023-05-03 15:42:01.000 +0300
e826a063-b277-4f5f-9a61-b8384b251794,a28be66c-381a-400b-aba6-575556d49f91,2023-05-03 14:41:15.000 +0300
"182bae30-8673-49b4-87c1-939acb9e70e5","80ead5aa-ef2c-471e-93bc-3fd3f77d174a",2023-05-03 14:31:12.000 +0300
"9491ef3d-c701-49ca-967b-cee60022e710",a28be66c-381a-400b-aba6-575556d49f91,2023-05-03 13:40:52.000 +0300
c250ae33-9171-4501-b61a-51f7656631c3,"1f541371-df55-4203-a19e-51e83b656db8",2023-05-02 15:44:30.000 +0300
"45e1a660-be9b-4294-b4fa-46da7c4ec94d","6235af3b-332d-4150-84b9-2533a77b6af3",2023-04-24 11:16:12.000 +0300
"6bfab69e-1251-403e-8f9f-690aa4502aa6","1f541371-df55-4203-a19e-51e83b656db8",2023-04-20 17:09:51.000 +0300
ed203803-5f6c-4c08-9c46-ab83c40573ef,"6759a54c-0541-4f9c-9a80-da73a0a7c60d",2023-04-06 15:37:59.000 +0300
b0c87df8-f497-408b-86df-868d22eaf3f8,"6759a54c-0541-4f9c-9a80-da73a0a7c60d",2023-04-06 15:33:25.000 +0300
"2edd5eb2-3df6-449c-b6e4-a4422abcc381","80ead5aa-ef2c-471e-93bc-3fd3f77d174a",2023-04-05 14:23:00.000 +0300
bb5fc3b4-21f1-4065-b49b-547ce9cb4bd6,d366a3a3-22df-442c-b7dc-7bf9033c2892,2023-04-04 17:33:39.000 +0300
"45587789-6d02-42da-8c09-5f106bf5c3d5","80ead5aa-ef2c-471e-93bc-3fd3f77d174a",2023-03-31 15:46:58.000 +0300
"6232dbad-123d-4e58-9519-fc2f342bc2ed",a28be66c-381a-400b-aba6-575556d49f91,2023-03-31 12:13:25.000 +0300
"8e2fdda2-ff09-46da-9084-15325c1a7b55","1f541371-df55-4203-a19e-51e83b656db8",2023-03-27 14:27:02.000 +0300
"9429e81b-6736-437b-bb09-5c7bf2f55210","4b998163-7f62-4bb8-86b0-30e573a918c8",2023-03-27 14:19:34.000 +0300
f052b3e0-6275-448b-a4ee-61a82ca33000,"80ead5aa-ef2c-471e-93bc-3fd3f77d174a",2023-03-27 14:08:45.000 +0300
"727c8166-b2ae-4fa2-9a27-66791086cec3","80ead5aa-ef2c-471e-93bc-3fd3f77d174a",2023-03-27 14:00:08.000 +0300
f407c5a4-bc52-448f-9a6a-74b7380b1175,dc99273d-fbb3-4373-9e29-cea35f5ec4d4,2023-03-13 08:48:49.000 +0200
"2b1a0b15-7ce3-4f14-9f31-66628c464aaa",dc99273d-fbb3-4373-9e29-cea35f5ec4d4,2023-03-10 11:34:52.000 +0200
"329ad3b9-7508-4cfc-9125-7c44e629a03b",dc99273d-fbb3-4373-9e29-cea35f5ec4d4,2023-03-10 10:21:01.000 +0200
"742dd237-b1f0-4c82-b4f3-2750b9c975e0",dc99273d-fbb3-4373-9e29-cea35f5ec4d4,2023-03-10 09:22:13.000 +0200
"1c7a6141-6e4b-4ec4-8f96-c9c1dbc29fa4","6a4a1088-ef6a-436d-ac7c-f2eab03269b5",2023-03-08 16:06:18.000 +0200
"5f694f8a-2832-4efa-a2b2-f0e8f3f725df",dc99273d-fbb3-4373-9e29-cea35f5ec4d4,2023-02-20 11:58:07.000 +0200
"5fb9e0c5-4bdb-4f25-a823-3d4895efa26d","6a4a1088-ef6a-436d-ac7c-f2eab03269b5",2023-02-06 15:14:09.000 +0200
b25daf96-d1f4-40d7-954d-5cbcc0a232f8,"164ddff3-c07e-4882-bb93-399d7c54c6e5",2023-01-16 23:05:33.000 +0200
"91d89f63-cce6-4f4e-8a0e-1fef5d8bf8c0","1f541371-df55-4203-a19e-51e83b656db8",2022-12-21 16:57:21.000 +0200
ea3474c2-d642-4c84-ae52-f6bb785e9741,cba21979-2c0d-4493-8792-7cee32028a6c,2022-11-22 09:47:38.000 +0200
"55540fb8-4d0a-490c-b167-1e1fb87a7e22",cba21979-2c0d-4493-8792-7cee32028a6c,2022-11-22 08:53:32.000 +0200
"2a7cfce8-8b1b-40b9-99f1-4da88d57882a",cba21979-2c0d-4493-8792-7cee32028a6c,2022-11-22 08:17:52.000 +0200
"48cd6c23-bedb-4d33-872c-a7a722effd77",cba21979-2c0d-4493-8792-7cee32028a6c,2022-11-22 08:09:53.000 +0200
"6e7c58c1-6982-42a1-92ac-d4e33243be1b","1f264b9e-16f9-4e43-bd51-de7c94bbe1ec",2022-11-15 16:21:13.000 +0200
"21a08451-e571-4cb5-acd5-5ce0b9c68677",ea007af7-9cc4-4249-b52d-0f4591cec11f,2022-11-15 12:54:13.000 +0200
de19cafb-da1f-456e-8f07-ab393324a6b3,ea007af7-9cc4-4249-b52d-0f4591cec11f,2022-11-11 15:43:35.000 +0200
"677d9a33-dbd5-4184-9876-6f7c2f512a23","1f264b9e-16f9-4e43-bd51-de7c94bbe1ec",2022-11-11 13:13:11.000 +0200
"4e50515e-f835-4a9e-a79f-0d087dd91a75","1f541371-df55-4203-a19e-51e83b656db8",2022-11-10 17:52:07.000 +0200
"92b9c16e-91d1-43d9-a3ee-03135a955cfc","1f541371-df55-4203-a19e-51e83b656db8",2022-11-10 17:50:02.000 +0200
"889f44bd-c949-479e-8bfe-97fce3d7f4fd","2ae7441e-d27a-4b67-8b2e-8a7049723bbc",2022-11-10 12:06:47.000 +0200
"60530c66-1b14-4e3f-a79d-81f359a7931c","2ae7441e-d27a-4b67-8b2e-8a7049723bbc",2022-11-10 12:02:55.000 +0200
"7c74d8e0-6ce8-4269-81ed-851d28b971e3","1f264b9e-16f9-4e43-bd51-de7c94bbe1ec",2022-11-10 09:15:33.000 +0200
"484d7827-c59b-47ad-9b6b-a0006a98822e","164ddff3-c07e-4882-bb93-399d7c54c6e5",2022-11-09 22:02:48.000 +0200
"134382ca-bcba-46c2-a317-af0bb791e058","164ddff3-c07e-4882-bb93-399d7c54c6e5",2022-11-09 21:54:34.000 +0200
e3deaac0-6ae0-45f3-9418-8d63592af9db,"1f264b9e-16f9-4e43-bd51-de7c94bbe1ec",2022-11-09 11:17:43.000 +0200
b26343d9-4a1f-416a-84fb-3a5cd15798ea,"1f264b9e-16f9-4e43-bd51-de7c94bbe1ec",2022-11-02 12:41:21.000 +0200
"76608e76-7502-41dc-8c3e-102b064af60e","1f264b9e-16f9-4e43-bd51-de7c94bbe1ec",2022-11-02 12:30:25.000 +0200
"6cce4090-a3cc-4fe8-9b84-317763aca8b6","1f264b9e-16f9-4e43-bd51-de7c94bbe1ec",2022-11-02 10:29:10.000 +0200
"49c76ef3-aa29-45c0-80c5-8e6388d10472","1f264b9e-16f9-4e43-bd51-de7c94bbe1ec",2022-11-01 16:50:13.000 +0200
de12386b-c4ec-477b-b704-aaf6dd1c9620,d366a3a3-22df-442c-b7dc-7bf9033c2892,2022-10-30 09:31:23.000 +0200
e312b6ea-f266-4e60-a48f-0c88b0412b67,"9437eb64-ce38-4e3a-b8b8-e837973a61ff",2022-10-27 13:54:40.000 +0300
"2b2561c3-d68a-4f10-8506-42f9895adba4","4f957959-f960-45dc-98af-0ad8a3f1841e",2022-10-21 13:19:05.000 +0300
ed5fd845-2562-4af5-b454-0912dffd5d99,"2ae7441e-d27a-4b67-8b2e-8a7049723bbc",2022-10-21 12:45:09.000 +0300
"1a322989-536d-4572-941a-34777b10775c",a6a6a5d4-c1a5-48f3-9d0f-4c1f72943161,2022-10-21 10:14:19.000 +0300
aa5c104d-100b-41fe-94c0-870862ac16b0,"9437eb64-ce38-4e3a-b8b8-e837973a61ff",2022-10-11 09:05:11.000 +0300
"639166a6-b823-4410-bceb-3eee7aef9719","9437eb64-ce38-4e3a-b8b8-e837973a61ff",2022-10-11 09:03:55.000 +0300
"14742949-1a32-4dd8-ac08-f1da094f333b","9437eb64-ce38-4e3a-b8b8-e837973a61ff",2022-10-11 09:02:32.000 +0300
"4d84d34b-3211-4dee-b7c3-28240d35a663","9437eb64-ce38-4e3a-b8b8-e837973a61ff",2022-10-11 09:01:09.000 +0300
"69376a31-e65c-4cea-af23-0d015e2e9a28","9437eb64-ce38-4e3a-b8b8-e837973a61ff",2022-10-11 08:59:37.000 +0300
c33187bb-1278-45b9-89aa-fc32efcf692e,"9437eb64-ce38-4e3a-b8b8-e837973a61ff",2022-10-11 08:55:38.000 +0300
"0e13f4da-1735-4585-a349-46f09a96c70d","9437eb64-ce38-4e3a-b8b8-e837973a61ff",2022-10-11 08:53:13.000 +0300
f1bcd9f3-be7b-4fe6-ba2c-e0dd049a8488,f3b37273-98e7-488e-9d5f-069bcd4e46de,2022-10-04 16:43:16.000 +0300
"84511961-24e8-406e-9c95-e857f00e97db",b953f371-1885-4e8f-804e-bdbf960c732c,2022-10-04 10:57:19.000 +0300
df8de7d3-2118-450c-924b-ed97d9ffa3bd,"58f3c1d3-37ea-46d1-87fc-235081d88aad",2022-09-29 15:27:16.000 +0300
ed82fbec-4b60-4e5e-8860-2edf1138e600,"4f957959-f960-45dc-98af-0ad8a3f1841e",2022-09-29 11:08:47.000 +0300
"202f57d9-0b05-49b1-8776-5e94f492d264","4f957959-f960-45dc-98af-0ad8a3f1841e",2022-09-28 13:50:05.000 +0300
"5b418610-4660-4c1f-848a-c1d3d4c09fed","4f957959-f960-45dc-98af-0ad8a3f1841e",2022-09-27 13:55:36.000 +0300
a5e9ba17-f991-4b6d-be2e-b74140eeda7a,"4f957959-f960-45dc-98af-0ad8a3f1841e",2022-09-27 13:15:39.000 +0300
c71e3d62-99be-43dc-b53d-f1c19d783bb4,"4f957959-f960-45dc-98af-0ad8a3f1841e",2022-09-27 13:02:50.000 +0300
"485156d9-4f72-42ab-82fe-bb08e272dad6",b9b18eb4-8b3c-4a34-b4c2-8686549e6733,2022-09-26 17:15:14.000 +0300
"7876ee03-b13b-455e-97ff-97c5f1a375c8",d366a3a3-22df-442c-b7dc-7bf9033c2892,2022-09-23 14:55:23.000 +0300
a8651e19-f8eb-49cb-8fdd-eb7043ed0096,"39735152-69c3-4e7e-b9d6-f412c11b0b31",2022-09-22 17:12:38.000 +0300
"70678cf5-6e85-4f61-b4f3-ea61d401dd9f",b9b18eb4-8b3c-4a34-b4c2-8686549e6733,2022-09-22 12:34:05.000 +0300
"14b9d073-53eb-406f-b46a-af3cba839662",d366a3a3-22df-442c-b7dc-7bf9033c2892,2022-06-22 17:02:42.000 +0300
"6467e2a1-c263-416d-80a9-f027ea3fe220","39735152-69c3-4e7e-b9d6-f412c11b0b31",2022-06-22 13:50:56.000 +0300
"5eaf45bc-0b8c-4425-9ab1-4b521fe87d02","39735152-69c3-4e7e-b9d6-f412c11b0b31",2022-06-21 10:31:49.000 +0300
c2353c71-cc9a-435d-aff6-943a89aa2cc3,"39735152-69c3-4e7e-b9d6-f412c11b0b31",2022-06-21 10:26:08.000 +0300
e3cb4f0e-59c0-4f4c-97d0-61412e18c362,"39735152-69c3-4e7e-b9d6-f412c11b0b31",2022-06-21 10:07:48.000 +0300
"1be8fde7-37ea-41a9-9fdc-1fb05857e5fd","39735152-69c3-4e7e-b9d6-f412c11b0b31",2022-06-21 10:02:10.000 +0300
"41fb164f-47d7-4bff-9ea6-f81208047299","39735152-69c3-4e7e-b9d6-f412c11b0b31",2022-06-21 09:55:55.000 +0300
"6b02593a-fcc0-43de-afb0-93169b6035b2","39735152-69c3-4e7e-b9d6-f412c11b0b31",2022-06-21 09:48:09.000 +0300
e89a2cf0-f654-426c-8440-3bcd1e7617d9,d366a3a3-22df-442c-b7dc-7bf9033c2892,2022-06-09 15:34:32.000 +0300
"32965932-ee53-470a-81a9-abd4bddef4a8","39735152-69c3-4e7e-b9d6-f412c11b0b31",2022-06-08 14:43:58.000 +0300
"63e3c876-db55-4f48-a657-93b735a1ed6e",d366a3a3-22df-442c-b7dc-7bf9033c2892,2022-06-07 08:44:08.000 +0300
d67302c1-ba49-4be4-845f-26efb30553a4,f3b37273-98e7-488e-9d5f-069bcd4e46de,2022-06-06 14:02:37.000 +0300
"12c673cd-ad69-4f33-aa64-d9eabe3c1d4c",d366a3a3-22df-442c-b7dc-7bf9033c2892,2022-06-06 12:36:03.000 +0300
"2bc04a16-2eb5-4f58-b120-16dd0eac29e2",d366a3a3-22df-442c-b7dc-7bf9033c2892,2022-06-06 12:12:43.000 +0300
d8464f05-1706-4ce7-90a2-9d97190f72cf,d366a3a3-22df-442c-b7dc-7bf9033c2892,2022-06-06 12:03:02.000 +0300
"58c266bd-fb1f-4550-953a-ec544a6667d5",d366a3a3-22df-442c-b7dc-7bf9033c2892,2022-06-03 14:56:00.000 +0300
"09ee43df-38dd-45cc-8719-0f556e921a96",d366a3a3-22df-442c-b7dc-7bf9033c2892,2022-06-03 12:11:13.000 +0300
"4263a82e-1151-4c17-8c98-bbdc905361b7",d366a3a3-22df-442c-b7dc-7bf9033c2892,2022-06-03 12:02:19.000 +0300
e3f078b5-d59f-41e1-b1e4-297226a2aa8b,d366a3a3-22df-442c-b7dc-7bf9033c2892,2022-06-03 11:28:08.000 +0300
"26aec35d-6031-4f61-a590-237f5a68efb4",d366a3a3-22df-442c-b7dc-7bf9033c2892,2022-06-03 11:09:49.000 +0300
"51cb0b10-bc41-4ccd-9ae1-5dcb1d4135aa",d366a3a3-22df-442c-b7dc-7bf9033c2892,2022-06-01 17:04:32.000 +0300
"7f1f9aae-44cb-48e9-9f77-2c600e5009db",d366a3a3-22df-442c-b7dc-7bf9033c2892,2022-06-01 17:02:20.000 +0300
"15572351-20c5-45d5-9957-3893f3f887b3",d366a3a3-22df-442c-b7dc-7bf9033c2892,2022-05-30 20:16:01.000 +0300
"721b1d1a-6b78-4ba0-b85e-029b96a7e5bb",d366a3a3-22df-442c-b7dc-7bf9033c2892,2022-05-30 16:28:46.000 +0300
"292c1c24-e914-4044-badc-fef87312f395","39735152-69c3-4e7e-b9d6-f412c11b0b31",2022-05-27 13:50:41.000 +0300
"3ba354ef-ab42-431f-ab46-0237885f5d0e","39735152-69c3-4e7e-b9d6-f412c11b0b31",2022-05-27 12:43:27.000 +0300
b8ab9125-2e75-423e-9698-2a58707e795e,"39735152-69c3-4e7e-b9d6-f412c11b0b31",2022-05-27 12:37:57.000 +0300
e9103aca-7233-4422-9fea-3a28038b3441,"39735152-69c3-4e7e-b9d6-f412c11b0b31",2022-05-27 12:31:56.000 +0300
"8e23e3d8-949e-4607-9a8e-9d522778cde3","39735152-69c3-4e7e-b9d6-f412c11b0b31",2022-05-27 12:20:48.000 +0300
e63c1963-80ea-48fb-968a-2c24dcc0431f,"39735152-69c3-4e7e-b9d6-f412c11b0b31",2022-05-27 12:06:45.000 +0300
"2c61caf6-9c10-481d-850d-92a53536f7d9",d366a3a3-22df-442c-b7dc-7bf9033c2892,2022-04-13 03:00:00.000 +0300
